"b_Income_C_1","b_HH_Member_C_1","b_Caste_C_1","b_Elderly_DiffAble_C_1","b_NotPlanned_C_1","b_10k_All_C_1","mu_worst_C_1","b_Income_C_2","b_HH_Member_C_2","b_Caste_C_2","b_Elderly_DiffAble_C_2","b_NotPlanned_C_2","b_10k_All_C_2","mu_worst_C_2","gamma_WI_Q1_C_2","gamma_HH_4_OrMore_Y_C_2","gamma_Informal_C_2","gamma_Benefit_Subsidy_Y_C_2","delta_C_2","b_Income_C_3","b_HH_Member_C_3","b_Caste_C_3","b_Elderly_DiffAble_C_3","b_NotPlanned_C_3","b_10k_All_C_3","mu_worst_C_3","gamma_WI_Q1_C_3","gamma_HH_4_OrMore_Y_C_3","gamma_Informal_C_3","gamma_Benefit_Subsidy_Y_C_3","delta_C_3","LL1","LL2","converged"
0.77405,-0.02375,-2.78654,0.12559,0.88893,1.11544,0.42178,-1.22912,-4.12854,-6.5059,-4.86333,-2.19976,-3.28573,0.51476,1.08474,0.67864,5.11433,-0.26505,-6.80965,-1.04338,-2.43374,-5.6511,-1.66738,-3.39778,-3.30582,0.85144,0.53573,4.90396,-5.92418,4.20694,-3.77865,-2920.03616009039,-2868.89849912127,1
1.24824497203519,0.143080168125976,-3.01138410966546,-0.187137453676209,0.70214171743814,1.42517300306539,0.523365215915983,-1.42724874585053,-4.36638009905551,-6.27404895534057,-4.83272349010581,-1.86885533023722,-3.04882044909313,0.634978627572448,1.44221589836141,0.653231037208502,5.40199797310766,0.217103966744749,-6.32831242193442,-0.751819573218996,-2.42070546287013,-5.85646015326495,-1.48528280258033,-3.78117624315932,-3.46780298975907,0.48844289714546,0.04205724564385,5.36951893081272,-6.22679230872844,4.18682165590143,-3.73285295411983,-2961.83820243356,-2868.89849913937,1
0.704620810961368,-0.521349362075366,-2.74963914322251,-0.0797549033406382,0.876638361733442,1.41846159366942,0.878286289741486,-1.46751720222636,-4.20530627355215,-6.13310935802513,-4.70520671158232,-1.80845264567346,-3.22331709338844,0.945172989988556,1.34825616681778,1.08276123855078,4.86508522142981,-0.480882610436459,-6.46254060985388,-0.745108163823023,-2.46768532864195,-5.36652726735891,-2.04904119184208,-2.96909570624656,-2.95773587566511,0.947593501172306,0.182996842959286,4.47019007175231,-5.54222855033918,4.05259346798197,-3.79996704807957,-3009.01521059919,-2868.89849909014,1
1.05361409955197,0.431670772152821,-2.56171968013526,0.329641069813724,0.621604804686462,1.18356226481036,0.290830719271688,-0.762819215649183,-4.17846063596826,-6.40156573386406,-4.94681744983735,-2.35878821614326,-2.95486071754951,0.790075808780502,0.985840059435234,0.619673990228636,5.41542079189961,-0.454036972852566,-6.72428557629684,-0.818933667178728,-2.1790947246151,-5.52088968346629,-1.73360495023134,-3.72077355859556,-3.05169560720873,1.2356879978166,0.129305567791501,5.00039141403419,-5.52880573154723,4.30762702502895,-3.37043684673728,-3033.88528952834,-2868.89849906075,1
0.664352354585529,0.0826774835622175,-2.36708880765204,0.47058066712916,0.695430308042167,1.11644817085062,0.896644276318667,-1.42053733645455,-4.17174922657229,-6.85794157279023,-5.14815973171654,-2.49972781345869,-3.12264595244884,0.668695406095938,0.757652139972147,0.572694124456824,5.07985032210095,-0.635245026543841,-7.03972181790757,-0.704839707447184,-2.01802089911174,-5.50746686467434,-1.33092038647295,-3.33822322302509,-3.64901104345034,0.875569877011232,0.907829057724387,5.36280752141674,-5.96504734228549,4.42172098476049,-3.6657388601601,-3068.14519765249,-2868.89849942041,1
0.758312086129153,-0.306584261404225,-2.39393444523593,0.376620935585536,1.05113500602874,1.31779045272982,0.278592061553567,-1.63530243712569,-4.62812506549846,-6.10626372044124,-4.99379731560916,-2.11717747788822,-3.45150501285152,0.682182117505335,1.57644408628087,0.961955869423267,5.27448119458417,-0.501016838624378,-6.79139967025657,-0.584034338319667,-2.18580613401107,-5.62827223380186,-1.9416586415065,-3.20399503510562,-3.66914527163826,1.28970571593741,0.0890371114156621,4.48361289054426,-5.50196009396334,4.01232501160613,-3.87379255143527,-2956.6414794959,-2868.8984992154,1
0.476432891498281,-0.27302721442436,-2.54829686134332,0.215547110082181,1.35314842884754,1.56611260038083,0.0950121957817546,-1.62187961833375,-4.51403110576692,-6.44854559963587,-5.1078912753407,-2.1977143906399,-3.10251172426092,0.0685367483778177,1.50261858292517,0.894841775463535,5.1939442818325,-0.0916208654700159,-7.11354732126328,-1.46994037858812,-2.07171217427953,-5.40008431433877,-1.92823582271456,-3.57983396128012,-3.32686339244363,0.704513769628682,0.216553889939152,5.03394846101406,-6.24021512752039,4.69017736059942,-3.69258449774399,-3055.96518007288,-2868.89849901679,1
0.422741616330496,0.183348624501815,-2.99124988147755,0.141721606726476,1.04442359663277,1.31107904333385,0.902763605177728,-1.35342324249482,-4.46705123999511,-6.43512278084392,-4.47030738272325,-2.47959358527077,-2.89445803298575,0.601261849048959,0.596578314468791,0.552559896268905,4.85837381203384,-0.668802073523707,-7.05314463669952,-1.40953769402437,-2.41399405347416,-5.48733263648642,-1.26380629251322,-3.37849167940093,-2.81679627834967,1.04662598439378,0.820580735576736,5.22857933349728,-5.49524868456737,4.52239212570009,-3.41070530311312,-3167.78300543363,-2868.89849916324,1
1.06032550894795,0.438382181548795,-2.92413578751781,-0.328077050991645,0.863215542941496,0.767454882260021,0.113370182358936,-1.21248364517938,-4.50731969637094,-6.01901539829359,-4.76560939614607,-1.82858687386138,-3.55888756318709,0.648465338981845,1.21402797889832,0.378063251973603,4.77783689928216,-0.44061415406062,-7.26790973737066,-0.637725613487452,-1.95090680515201,-6.00411115997636,-1.40474588982865,-3.04292120960227,-3.5080714461349,0.713516722648816,0.800446507388816,4.77891490396708,-5.66974532886267,4.28749279684103,-3.68587308834802,-3027.38647684723,-2868.89849901374,1
0.456298663310362,-0.474369496303554,-3.25970625731647,-0.334788460387618,0.896772589921362,1.16342803662244,0.162324813231419,-1.39369169887066,-3.98382976348504,-6.73713620366271,-5.33607919480379,-2.09033184030433,-3.30385400614011,0.338270976565737,1.27443066346208,0.982090097611186,5.28790401337612,-0.259406100369345,-6.7578426232767,-0.73839675442705,-2.61533633535335,-5.75578901232535,-2.07588682942597,-3.19057221631368,-3.70270231861813,1.10964665553472,0.162862614771367,4.56414980329594,-5.70330237584253,3.8713854142907,-4.01473214875071,-2949.74260333352,-2868.89849908457,1
0.684486582773449,-0.487792315095501,-2.44091431100775,-0.026063628172853,0.930329636901227,1.27081058695801,0.706945081687795,-1.64872525591764,-3.78919889100182,-6.03243821708553,-4.38977046997158,-1.88898955842514,-3.48506205983139,0.992376479921442,1.0932226097708,0.371351842577629,5.14025300666471,-0.56813093258411,-7.12025873065925,-0.906181989326379,-2.5549336507896,-5.95041988480857,-2.13628951398973,-3.11674671295797,-3.5349170837188,1.29870866895754,0.42460758121432,4.75206926638319,-5.99860438926535,3.72373440757929,-3.65231604136816,-2999.74941402448,-2868.89849916859,1
0.288513428411033,-0.071684932545165,-2.29997471369231,-0.173714634884262,0.500799435558946,1.47886427823318,0.339785350144171,-1.11181250423979,-4.19859486415618,-6.98545835131372,-5.034065771985,-1.73462714231775,-3.47163924103944,0.587775137639563,1.08651120037483,0.753902178148099,5.52280334223518,0.0358959130534739,-6.97260772394784,-1.20819541214517,-2.56164506018557,-5.27256753581528,-1.65306803747966,-2.98251852503851,-2.99800433204094,0.776537393789755,0.981654561080092,5.29569342745701,-6.29390640268817,4.28078138744506,-3.45768516888493,-2958.87514706399,-2868.89849906951,1
1.13415101230365,0.243751309065573,-3.14561229758493,-0.321365641595672,1.29274574428378,1.50570991581707,0.651871121956251,-0.870201765984754,-3.70866197825014,-6.23378049896473,-4.47701879211923,-2.48630499466675,-3.53875333499917,0.769845741666408,0.992551468831207,1.12302969492662,4.6436087113627,-0.514439657416325,-6.69072852931697,-1.53034306315188,-2.2529202279708,-5.68867491836562,-1.2168264267414,-3.2107064445016,-3.47451439915504,1.17266732667566,0.27695657450291,5.05408268920198,-5.58249700671502,3.93849950825043,-3.47110798767688,-3048.36521574063,-2868.89849911749,1
1.12743960290768,0.391402315776983,-2.98453847208157,0.59809744565265,1.00415514025693,1.14329380843452,0.131728168936117,-1.01114136330019,-4.52745392455886,-6.29418318352849,-5.02064295319305,-2.15073452486809,-3.65955870412669,0.702412184619428,1.23416220708624,1.16329815130246,5.13354159726874,0.17683551036891,-6.5833459789814,-1.05383299603779,-2.83681284542047,-5.97726552239246,-1.55239689654006,-3.61339100825999,-3.21276943271209,0.101315917279688,0.122594158395528,4.799049132155,-5.65632251007072,3.8445397767068,-4.15567174606614,-2994.57356274862,-2868.89849914527,1
1.23482215324325,0.337711040609197,-2.83688746537016,0.309506841625805,0.903483999317335,1.51242132521304,0.541723202493164,-0.843356128400861,-3.76235325341792,-6.57606237815936,-4.45688456393131,-2.25811707520366,-2.82063252963005,0.985633124216744,1.34154475742181,0.438465936537361,4.73085703351035,-0.145312140637801,-6.76455403267267,-1.31557796248074,-2.32674573132651,-5.44035277071461,-1.33763179586892,-3.16372657872979,-3.52820567432282,0.830555111910561,1.02192301745593,4.63797530665164,-5.60263123490294,3.93178809885445,-4.18251738365004,-2965.05161716508,-2868.89849916433,1
1.2213993344513,0.0491204365823517,-2.75635055261849,-0.160291816092316,1.23905446911599,0.995642801723108,0.217398772962963,-1.52791988679012,-3.72879620643806,-6.69686774728687,-5.01393154379708,-2.65409022956608,-3.72667279808642,0.540571647706677,1.32141052923389,1.00893573519508,4.96575636236941,-0.655379254731761,-7.2075070528069,-0.805510848386781,-2.06500076488356,-5.48062122709045,-1.21011501734543,-2.94896147805864,-3.17250097633625,0.209351353521299,0.874272010744521,5.08763973618184,-6.40800036241972,4.2203787028813,-3.97446369237487,-2983.63302865611,-2868.89849928709,1
0.852271817672778,-0.0918191607330845,-2.3268203512762,-0.301231413407752,1.15180614696834,0.720475016488209,0.731422397124036,-1.49436283981026,-3.93684989771323,-6.07941808285734,-4.39648187936755,-2.42590231010299,-3.41794796587166,0.938429634283858,0.616712542656711,0.706922312376287,4.83823958384592,-0.467459791644513,-7.21421846220288,-1.03369876784987,-2.11198063065537,-5.77592324051327,-1.36447743345281,-3.44560577336066,-3.7094137280141,0.137327729360225,1.01521160805996,4.63126389725567,-6.15967821476871,4.34118407200882,-3.91406100781111,-3001.43179749091,-2868.89849915108,1
0.570392623041905,0.263885537253493,-2.4274914922158,0.349775298001644,1.27261151609586,1.17685085541438,0.804854343432761,-1.32657760491093,-4.52074251516289,-6.79753888822647,-5.00050872500513,-1.81516405506943,-3.37767950949582,0.210147218176475,0.865034690307717,0.190143788886354,5.34830669793988,-0.272828919161291,-6.64374866354516,-1.06054440543376,-2.20594036219899,-5.19874203245958,-1.27722911130516,-3.42547154517274,-3.49464862734296,1.06463189043405,0.156151205375394,4.66482094423553,-5.48853727517139,4.34789548140479,-4.06842342391849,-2987.32443656633,-2868.89849912749,1
0.912674502236536,-0.393832583551876,-3.15903511637687,0.571251808068758,1.07126923421666,0.975508573535189,0.0521768937683318,-1.26617492034717,-4.32611164267967,-6.95190130433385,-5.31594496661587,-2.6473788201701,-3.71324997929448,0.7968191644852,0.925437374871476,0.599539762040717,5.58320602679894,-0.594976570168003,-7.01958758971965,-0.933027626910271,-2.25963163736678,-5.40679572373475,-1.89467877573469,-3.88184738409891,-3.72954795620202,0.0923129642595541,0.625949863093514,5.13461960195366,-6.20665808054052,4.11299615254573,-3.64560463197218,-3058.12912147921,-2868.89849929927,1
0.744889267337207,-0.0985305701290576,-2.96440424389365,0.148433016122449,1.33972561005559,0.821146157427806,0.0582962226273922,-1.56818834316596,-3.66168211247833,-6.46867982782379,-4.77232080554205,-1.74133855171373,-2.92130367056964,0.0280766141496298,0.898591737287583,0.821016272107831,5.38857515431572,-0.339943013121023,-7.24106409978677,-1.04712158664181,-2.34016855011846,-6.09135948212401,-1.77387340660718,-3.67379369282374,-3.44095735217517,0.623487192447474,0.283667983898884,4.88629745430265,-6.04558425503716,3.80427132033096,-4.02815496754265,-3037.64824350733,-2868.89849907788,1
1.18113087807546,0.176637215105842,-3.09192102241714,-0.307942822803725,1.34643701945156,0.854703204407672,0.0338189071911506,-0.970872906924351,-3.70195056885417,-6.54921674057546,-5.25554228205211,-2.18429157184796,-2.92801507996562,0.756359030257012,1.31469911983792,0.391486070765549,4.93891072478552,-0.380211469496862,-7.1336815494512,-1.21490682154114,-2.44755110045403,-6.11149371031193,-1.80071904419107,-3.71406214919958,-3.34699762063155,0.524454709225997,0.827292144972709,4.81918336034292,-6.1126983489969,3.79084850153902,-3.55164490042856,-3016.30463400365,-2868.898499063,1
0.872406045860697,-0.340141308384091,-2.93755860630976,0.175278653706342,0.970598093277066,0.982219982931162,0.394859309875714,-1.08496686665589,-4.05765526684074,-6.83780734460231,-4.81930067131386,-2.61382177319024,-3.76022984506629,0.439421312136207,0.771074958764093,0.210278017074274,5.38186374491974,-0.125177912449882,-6.93905067696798,-0.832356485970674,-2.40057123468221,-5.45377558950656,-2.11615528580181,-3.31137758544119,-3.68927949982618,0.0833100112394198,0.585681406717675,4.57757262208788,-5.68987955705059,4.69688876999539,-4.04828919573057,-2994.92159719302,-2868.89849916843,1
1.03347987136405,0.284019765441412,-3.03151833785338,-0.234117319448021,0.950463865089147,1.53926696279693,0.0460575649092714,-1.2594635109512,-3.75564184402195,-6.91834425735399,-5.20185100688433,-2.64066741077413,-3.71996138869045,0.203403862471777,1.11335683795872,0.579405533852797,5.59662884559089,-0.534573885604244,-6.60348020716932,-1.07396722422571,-2.60862492595738,-6.09807089151998,-1.46514857439241,-3.30466617604522,-3.25303788908793,1.262696856877,0.974943151684118,5.17488805832949,-5.93820170470159,4.65662031361955,-3.89392677962319,-3042.1179363879,-2868.89849914696,1
1.09388255592781,-0.286450033216306,-2.94427001570573,-0.361634097971511,1.13167191878042,1.04933407689089,0.039938236050211,-1.70241653108542,-3.74893043462598,-6.72371338487077,-4.71862953037426,-2.66751304835802,-3.7333842074824,1.00586319133084,1.30127630104597,0.384774661369576,4.92548790599357,0.149989872785018,-6.40213792529012,-1.52363165375591,-2.56835646958154,-5.72894337474146,-1.41145729922463,-3.85500174651502,-3.37384325821544,0.461434038085057,0.196419661751233,4.6983779912154,-6.26706076510428,4.37474111898868,-3.33016839036144,-3006.45691651701,-2868.89849901405,1
1.20797651565935,0.0289862083944322,-3.27984048550439,-0.180426044280236,1.03100077784082,1.54597837219291,0.0644155514864526,-0.729262168669318,-4.21201768294813,-6.99216976070969,-4.49715302030715,-1.71449291412983,-3.23002850278441,0.850766010122784,0.858323280911744,0.659942446604475,5.39528656371169,0.00905027546958137,-6.77126544206865,-1.15450413697739,-2.11869204005134,-5.57458095863407,-1.57924253412395,-3.87513597470294,-3.0584070166047,0.812549205870292,0.102459930207608,5.35609611202077,-5.64961110067475,3.71031158878734,-3.73956436351581,-2991.58807534056,-2868.89849918803,1
0.369050341162711,0.136368758730003,-2.53487404255137,0.222258519478154,0.494088026162972,1.00235421111908,0.590677833365647,-1.47422861162234,-3.79591030039779,-6.0391496264815,-4.65151543641453,-1.89570096782111,-2.87432380479783,0.951916345693254,0.65698099903255,0.539137077476958,4.88521944961773,-0.239271872181425,-6.55650034139751,-0.664571251071345,-2.89721552998423,-5.27927894521126,-1.51212844016422,-3.70063933040764,-3.06511842600068,1.15466142063539,0.793735097992843,5.34267329322882,-6.32746344966804,4.19353306529741,-3.63889322257621,-2995.21271294817,-2868.89849908129,1
0.812003361296939,-0.158933254692816,-3.1523237069809,0.591386036256677,0.775967220793845,0.754032063468075,0.547842531352224,-0.910470222360593,-4.09121231382061,-6.30089459292446,-4.59111275185077,-2.52657345104259,-2.78707548265018,0.297810842337549,1.24087361648221,0.512291439893066,5.14696441606068,-0.0312181809062575,-7.16723859643106,-0.792088029594835,-2.33345714072248,-5.3933729049428,-2.06917542002999,-3.8348675183271,-3.27988352667182,0.308383836742776,0.632661272489488,5.02723705161809,-6.19323526174857,4.08615051496184,-3.34359120915339,-3012.66024912,-2868.89849932178,1
0.818714770692912,0.0692546647702712,-2.50802840496748,-0.314654232199699,1.07798064361264,1.39161595608552,0.186802128667661,-1.23932928276328,-4.15832640778034,-6.37472009628016,-4.42332751695144,-2.21113720943185,-3.06224326788508,0.506854869183187,1.42208167017349,0.874707547275616,5.34159528854391,-0.433902744664647,-6.94576208636395,-1.32900078127269,-2.75627593266879,-5.91686283782871,-1.71347072204342,-3.78788765255529,-2.89733319110135,0.0292922931186145,0.887694829536467,4.87958604490668,-6.085852711413,3.90494246127056,-3.65902745076413,-3013.30975960766,-2868.89849920301,1
1.21468792505533,-0.0247050667733529,-3.10534384120909,-0.207271681864128,1.25247728790794,1.1231595802466,0.737541725983097,-1.56147693376999,-3.88315862254544,-6.64317647211909,-4.90654899346151,-2.31180835037145,-3.26358554976428,0.243863996699965,0.663692408428523,0.445177345933334,5.52951475163115,0.19696973855683,-6.89878222059214,-0.939739036306244,-2.81667861723255,-5.88330579084884,-1.53897407774812,-2.9355386592667,-3.54162849311477,0.992608266272977,0.16957402416734,5.28898201806104,-5.4616916375875,4.64319749482761,-4.08184624271044,-3032.67247536746,-2868.89849908572,1
0.51670134787412,-0.346852717780064,-2.40735726402788,0.410177982565402,0.406839704015321,1.38490454668955,0.419336625311956,-1.09167827605187,-4.42007137422329,-6.6163308345352,-4.8595691276897,-2.62724459198218,-3.77365266385824,0.371987755089227,1.1938937507104,0.867996137879643,4.8919308590137,0.0627415506373666,-7.07327886488744,-1.45651755979618,-2.23278599978288,-5.25243330762736,-1.34434320526489,-3.31808899483717,-3.36713184881947,0.155333635400494,0.572258587925729,4.89300886369862,-5.77712787919824,4.00561360221016,-3.94761805479097,-3009.77009573283,-2868.89849918125,1
0.711332220357341,0.2370398996696,-2.62212236469902,0.00749341880701282,0.534356482538811,0.666783741320424,0.798735014573701,-1.4339601552465,-4.28584318630383,-6.30760600232043,-4.91326040285748,-2.69435868594192,-3.46492783164347,0.311297553746945,1.16704811312651,0.592828352644744,5.04629327512109,-0.0849094560740428,-6.33502383133039,-1.16792695576933,-2.05828935548758,-5.67525209957367,-1.90810159452664,-3.80131047134723,-3.66243386224229,0.371404507883715,0.706486775845192,5.21515651470533,-6.31404063087609,4.13313038073365,-4.24292006821379,-2975.14030638747,-2868.8984992071,1
0.322070475390899,0.122945939938056,-2.63554518349097,0.604808855048624,0.796101448981764,1.33121327152177,0.32754669242605,-0.809799081420995,-4.50060828697497,-6.18008922379694,-4.71191812097829,-1.70778150473386,-3.4582164222475,0.911456211465066,0.912014556079529,1.06262701036286,4.81139394626203,0.0426073224494471,-6.32160101253845,-0.86591353295054,-2.8301014360245,-5.84974874386897,-1.74702776902328,-3.05634402839421,-3.26646070787987,0.164336588420628,0.263533755710964,4.55072698450399,-5.5623627785271,4.4955464881162,-3.33687979975742,-3005.11672454702,-2868.89849907491,1
1.08045973713586,-0.454235268115635,-2.30668612308828,-0.14686899730037,0.682007489250221,0.713763607092236,0.241876088399204,-1.36684606128677,-4.11134654200853,-6.19351204258889,-4.44346174513936,-2.44603653829091,-2.94143789875756,0.223633929585871,1.37510180440168,0.485445802309173,4.94562213418149,-0.474171201040486,-6.49609765683375,-0.671282660467318,-2.38043700649429,-5.19203062306361,-1.39132307103671,-2.92882724987073,-3.40068889579933,0.218354306541433,0.317225030878749,4.69166658181943,-5.97847016107743,4.40158675657257,-3.98117510177084,-3013.7618486962,-2868.89849915391,1
0.630795307605664,0.411536543964902,-2.91742437812184,0.296084022833858,0.856504133545523,1.2238307211862,0.890524947459607,-1.27959773913912,-4.03752103865282,-6.50894828419963,-5.22869664446822,-1.84200969265332,-3.27700836855622,0.884482788646274,1.35496757621376,0.767324996940046,5.33488387914793,-0.742627576879412,-6.43569497226999,-1.18806118395725,-2.68245042931309,-5.54773532105018,-1.63293380929174,-3.37178027000495,-2.85706473472551,1.10064370251459,0.91454046712036,5.11448537376574,-6.34088626845998,4.44856662234439,-4.08855765210641,-3034.15446652092,-2868.89849905169,1
0.798580542504992,-0.0314164761693261,-2.7764847808064,0.0343390563909054,1.20549742213613,0.747320654072101,0.388739981016654,-1.36013465189079,-4.37980291784745,-6.26733754594459,-5.12802550352862,-1.75476137050567,-2.91459226117367,0.675438761800637,1.36167898560973,0.834439090899777,4.7174342147184,-0.682224892315654,-6.34173524072637,-0.946450445702217,-2.68916183870906,-5.25914471702334,-1.72689354083536,-3.77446483376334,-3.09867547298054,0.470436991105192,0.0823257020196889,4.9735457764503,-6.0120272080573,4.02574783039808,-3.95432946418695,-2928.56676534458,-2868.89849914224,1
0.550258394853986,-0.0381278855652992,-2.66910223047083,-0.00592939998493353,0.869926952337469,1.34463609031371,0.376501323298533,-1.58832257135388,-3.97040694469309,-6.21364627077681,-4.60453557064272,-2.15744593426406,-2.9817063551334,0.918199567169764,1.14691388493859,0.780747815731992,5.07313891270498,-0.212426234597533,-7.05985604609549,-0.886047761138459,-2.3535913689104,-5.63498364319783,-1.52555125895617,-3.49258563913247,-3.30672916425571,0.650496051507876,0.0621914738317694,4.53730416571204,-5.8106849261781,3.9452109176464,-3.31003416217353,-2932.39826836757,-2868.89849916987,1
1.01334564317613,-0.132087617108923,-2.81004182778627,0.12829878793453,0.614893395290489,1.55268978158888,0.664109779674372,-1.1587923700116,-4.24557472992799,-6.56935096876338,-4.43675033574339,-2.00308351815668,-2.81392112023407,0.823792587303992,0.791209186952013,0.250546473450113,5.16038723485263,-0.494305429228405,-6.45582920045791,-0.785376620198862,-2.30661150313859,-5.82290310628508,-2.00877273546624,-3.58654537067609,-3.15236674814833,0.128324776340091,0.330647849670696,4.93327732007446,-5.45498022819153,4.55594917267996,-3.3167455715695,-3062.99847652701,-2868.89849922043,1
0.959654368008348,0.196771443293761,-2.87044451235003,-0.0327750375688261,0.943752455693174,0.760743472864048,0.762019041419339,-1.20577223578341,-3.99054117288101,-6.87807580097815,-5.26225369144809,-2.62053318258621,-3.15620299942871,0.216890573881173,0.824766233931878,0.310949158013871,5.44897783887948,-0.407057107080754,-6.31488960314247,-0.61087997590356,-2.19922895280302,-6.06451384454011,-1.72018213143939,-3.86842456530697,-3.57518554009464,0.587475380366937,0.840714963764655,5.09435114557782,-6.17981244295663,4.54252635388801,-3.42412812190507,-3016.93391819811,-2868.89849913172,1
1.02005705257211,-0.185778892276709,-2.84359887476614,-0.113311950320504,0.635027623478409,0.673495150716397,0.609035819942828,-1.19234941699147,-3.68181634066625,-6.73042479426674,-4.67164966460245,-2.05006338392849,-2.86090098600589,0.722642251733522,0.683826636616442,0.774036406336019,4.87179663082579,-0.165446368825721,-6.67730571052502,-1.09410145241363,-2.93077257696409,-5.16518498547971,-2.09602105761389,-3.57312255188415,-3.3604204394235,0.72251967566895,0.901117648328414,4.42992161537647,-5.48182586577542,4.26735856865311,-4.10869188029433,-2940.5942671969,-2868.89849906244,1
1.08717114653184,0.324288221817251,-3.08520961302117,-0.247540138239967,0.433685341599214,0.66007233192445,0.602916491083768,-1.40040310826663,-4.56101097153873,-6.77740466003855,-4.55084429547493,-2.3990566725191,-3.37096810009985,0.527084936297281,1.04624274399899,0.24383506405414,4.93219931538954,0.156701282180991,-7.10012450247133,-1.49678601617202,-2.04486653669564,-5.17189639487569,-2.01548414486221,-3.81473329013918,-3.56176272130269,0.344395648823312,0.14943979597942,4.74535785698721,-6.36773190604388,4.31433843442492,-4.26976570579769,-3001.03785353034,-2868.89849919818,1
1.046902690156,0.210194262085707,-2.97111565328963,-0.0998891315285577,0.440396750995187,1.45201864064928,0.0154609206139694,-0.90375881296462,-4.0173868104649,-6.93847848554191,-4.53742147668299,-1.7480499611097,-3.2837197779522,0.135970305424798,1.50932999232114,1.14987533251052,5.54964897981907,0.183546919764883,-7.2343526903908,-1.4766517879841,-1.97104103333993,-6.14505075729179,-1.61279958110382,-3.39862590758885,-3.6087425870745,0.0202893400984802,0.578969997321702,5.12790819255768,-5.88451042953381,3.71702299818331,-4.03486637693863,-3100.00011277823,-2868.89849908073,1
0.905963092840563,0.0222747989984591,-2.45433712979969,0.282661204041912,1.29945715367975,1.3714817278976,0.431575283030077,-1.54134270558207,-4.44020560241121,-6.60961942513922,-4.9333946310454,-2.17758016245198,-2.98841776452938,0.69566882891473,0.979128650039261,0.881418956671589,5.06642750330901,-0.18558059701364,-7.18066141522301,-0.684705479259264,-2.48110814743389,-5.23229907943944,-1.66649085627161,-3.3852030887969,-3.78995064076578,0.614484239427339,0.4044733530264,4.86616322611473,-5.81739633557408,3.73715722637123,-4.17580597425406,-2917.87191796441,-2868.89849902783,1
0.556969804249959,-0.366986945967984,-2.9778270626856,-0.213983091260101,0.816235677169684,1.17013944601841,0.835450987728063,-0.890335994172673,-4.38651432724343,-6.20022345198486,-5.28238791963601,-1.96952647117681,-3.74009561687837,0.655208694686543,1.0193971064151,1.1297411043226,5.29461542277209,-0.0177953621143112,-6.96589631455187,-0.550477291339801,-2.91734975817215,-5.99739975058038,-1.94837005090248,-3.80802188074321,-3.45438017096712,1.05562893741392,0.229976708731098,4.65139812544359,-5.74357083221837,3.83782836731083,-3.5650677192205,-2993.91972019272,-2868.89849925127,1
0.7717349049211,-0.239470167444494,-3.11205525060506,0.0544732845788249,1.15851755636431,1.25067635877009,0.364262665580412,-0.964161497528378,-3.86973580375349,-6.5156596935956,-4.9602402686293,-2.13731170607614,-3.24345132157636,0.533828292001979,0.730806502388254,0.270680701638032,5.51609193283921,-0.319808784933103,-6.38871510649818,-0.59074574771564,-2.86365848300436,-5.41350713313072,-1.58595394351993,-3.17043798812576,-3.38055466761142,0.821552158890427,0.53199013154989,5.3493847026248,-5.61605405369488,4.48212366932425,-3.940906645395,-2951.92142312119,-2868.89849916099,1
0.530124166666066,-0.172356073484762,-2.42078008281983,0.564540398672785,1.0377121872368,0.968797164139216,0.101131524640815,-0.897047403568646,-4.14490358898839,-6.63646506272312,-4.97366308742124,-1.98294928996876,-3.27029695916025,0.304554198042247,0.784497777556039,1.04249278217495,5.12683018787277,-0.722493348691493,-6.91220503938408,-0.986718902078056,-2.13882626823926,-6.01082256937233,-1.29065193009711,-3.33151181362911,-2.99129292264497,0.983605313252843,0.303802212086803,4.4232102059805,-5.56907418792307,3.99219078341821,-3.57849053801245,-2995.70864464116,-2868.89849921113,1
0.563681213645932,0.0893888929581906,-2.46775994859164,0.34306388860567,0.608181985894516,1.26409917756203,0.859928303164305,-0.8836245847767,-3.74221902523,-6.0659952640654,-5.02735436258903,-2.29167412218353,-3.01526340211327,0.466394734954999,1.06637697218691,1.17000956069843,4.69058857713451,-0.729204758087466,-7.14710436824314,-0.84577930476262,-2.8032557984406,-5.89001720024481,-1.88796736633872,-3.00265275322643,-3.01142715083289,0.749528534729353,0.0957485208116352,5.00710282343017,-6.40128895302374,3.82440554851888,-3.35701402794534,-2989.84751129833,-2868.89849913503,1
1.22811074384727,0.0961003023541638,-2.78990759959835,0.168567244310369,0.413551113411295,1.32450186212579,0.700825752828734,-1.3332890143069,-4.31268882388772,-6.42169996205198,-4.56426711426688,-2.49301640406272,-3.20989427459649,0.709155540324126,1.03953133460302,0.673365265396421,5.42884361069156,0.210392557348776,-6.79811107965254,-0.798799438990808,-2.36030277830637,-5.37323867675488,-1.8678331381508,-3.54627691430025,-2.87719896291343,0.25436611862197,0.115882748999555,4.92656591067849,-6.39457754362777,4.20695588408935,-4.27647711519366,-2987.08093433665,-2868.89849907877,1
1.16099664988754,0.47193922852866,-2.52145122375942,0.577963217464731,0.57462493891465,0.901683070179484,0.498887900479741,-0.749396396857237,-3.84960157556557,-6.25391472715265,-4.88641476527359,-2.32523116916339,-3.14278018063676,0.183173795357683,0.63684677084463,0.35121761438971,5.5429375704231,-0.615110798355922,-7.14039295884717,-0.765242392010942,-2.66902761052114,-6.0175339787683,-1.19669219855348,-3.2845319478573,-3.74968218438994,0.8935757830515,0.250110936919018,4.90643168249057,-6.07242989262106,4.21366729348533,-3.47781939707285,-3028.74560285107,-2868.89849907773,1
0.583815441833851,-0.199201711068655,-3.03822974724936,-0.0596206751527187,0.715564536230087,1.41175018427344,0.810973672291822,-1.16550377940757,-4.40664855543135,-6.05257244527345,-5.34950201359574,-1.90241237721708,-3.14949159003273,0.688925473210033,1.3952360325896,0.344506204993737,5.20736710062444,-0.00437254332236492,-6.88535940180019,-1.34242360006463,-2.22607459038691,-5.38666149554683,-1.31078615828503,-3.50600845792442,-3.11209829177249,0.767534440769621,0.605815634905595,4.91985450128251,-5.69659096644656,4.44185521294841,-3.75969859170373,-3007.95750291626,-2868.89849906499,1
0.778446314317073,0.12965734933403,-3.02480692845741,0.356486707397617,1.1383833281764,0.740609244676128,0.657990450815312,-0.796376262629049,-3.71537338764611,-6.84451875399828,-4.51057583909909,-1.86214392084124,-3.31056541553609,0.972146412807348,0.831477643327852,0.465311574121254,5.20065569122847,-0.608399388959949,-6.73770839508878,-0.879336351742486,-2.03144371790369,-5.5678695492381,-1.62622239989577,-3.72748496799153,-2.96444728506108,0.677504910568279,0.444741809402239,5.22186792410131,-6.1865238523526,4.0190364210021,-3.51808785344869,-3013.95232632553,-2868.89849928011,1
1.17441946867949,-0.0179936573773798,-2.67581363986681,0.537694761088892,0.749121583209952,1.30436763393787,0.535603873634104,-0.803087672025022,-3.88987003194141,-6.53579392178352,-5.3092335572199,-2.21784861882782,-3.58573320077099,0.0955101711966097,1.52275281111309,0.73376794996018,4.72414562411438,-0.648667845335788,-6.75113121388073,-0.980007492682083,-2.82339002662852,-5.29941317339918,-1.65977944687563,-2.96238429685059,-3.48793721794699,0.929587595132037,0.545412950341837,4.70508940061137,-6.07914130201703,3.75729145455915,-4.02144355814668,-2958.32927963017,-2868.8993096759,0
0.375761750558684,0.0625432553742981,-3.17916934456479,-0.073043493944665,0.507510844954919,0.78758911044794,0.915002262895849,-1.30644337672301,-4.13819217959242,-6.76398184124661,-5.36292483238768,-2.02992915574057,-2.88103521419381,0.66195205039124,1.1200682473547,0.727056540564207,5.31474965096001,-0.0781980466780696,-7.0330104085116,-0.899470579930405,-2.05157794609161,-5.7423661935334,-1.93494723211053,-3.82144469953515,-3.52149426492685,0.974602360232708,1.03534583624788,4.84602899792681,-5.67645673825864,4.70360017939137,-4.20936302123393,-3049.72378180623,-2868.89849910269,1
0.765023495525127,-0.246181576840467,-2.44762572040372,0.181990063102315,0.547779301330758,1.27752199635398,0.266353403835446,-1.5077856586022,-3.86302439435752,-6.97203553252177,-4.69849530218634,-2.33865398795534,-3.20318286520052,0.345014332270435,0.938860193663422,1.13645251371857,4.98589059055733,-0.386922878892835,-6.84509094542435,-1.25517527791698,-1.95761821454799,-5.90344001903676,-1.35776602405684,-3.59996818946804,-2.8100848689537,0.335392695803178,0.364204896650561,4.58428403148386,-6.10598693960092,4.32776125321687,-3.62547040378426,-2961.07747374076,-2868.89849915511,1
0.523412757270093,0.0155633896024859,-2.74292773382654,0.155144425518422,0.883349771129415,1.46544145944123,0.719183739405916,-1.51449706799818,-4.18517204536423,-6.62304224393117,-4.78574362433399,-2.39234526312312,-2.79378689204616,0.398961177908019,1.43550448896544,0.545848486872931,5.11340736908082,0.0761643694293129,-6.59005738837737,-1.48336319738007,-2.21265177159497,-5.843037334473,-1.55910830593603,-3.69392792101166,-3.79666205016175,1.19067323271593,0.780312279200897,4.79233772275902,-6.21336948993649,4.42843239415647,-4.19594020244198,-2969.90996953557,-2868.89849907741,1
0.858983227068751,0.445093590944768,-2.64225659288694,-0.0931777221325845,1.09140346240458,0.653360922528477,0.517245887056922,-1.07154404786395,-3.87644721314947,-6.7908274788305,-5.17500536930044,-2.68764727654594,-3.40452514707971,0.1292269497201,1.53617562990503,0.760613587544072,5.35501810733585,0.0291845036575008,-6.51623188502167,-1.22161823093712,-2.7294302950849,-5.18531921366763,-2.12957810459375,-3.22412926329354,-3.23961507029598,1.08263779647432,1.0286344268519,4.71180081000735,-6.13283257718482,4.36131830019674,-3.43083953130104,-2984.19498105944,-2868.898499072,1
0.993211414988214,-0.212624529860601,-3.11876666000104,-0.25425154763594,0.95717527448512,0.780877701051967,0.841570316587124,-1.34671183309885,-3.91000426012933,-6.78411606943452,-5.14144832232057,-2.56013049802245,-3.32398823432803,0.89796950005567,1.29456489165,0.559271305664878,5.22750132881236,0.0493187318454203,-6.92562785817603,-1.14108131818544,-2.40728264407819,-5.99068834118441,-1.74031635962731,-3.62681382705193,-3.64229963405437,1.13665551459512,0.505144493965998,4.5238813469201,-5.44826881879555,4.20024447469338,-4.10198047089836,-3041.53741021203,-2868.89849901946,1
0.926097321028482,0.156502986917922,-3.13218947879298,0.557828989276811,0.769255811397872,1.58624682856875,0.572319846788466,-0.769530625045157,-4.00396399167296,-6.48210264661573,-5.28909932903198,-1.76818418929762,-3.54546474439515,0.547315003411375,1.48919576413322,0.794170634523938,4.97246777176538,0.143278463389044,-6.48938624743777,-1.18134977456128,-2.29318868434664,-5.79605746870119,-1.81414186298301,-3.51943127671636,-3.55505131190672,0.479439944125326,0.93467469530828,5.32925047443688,-6.2871949932922,4.10628474314976,-4.06171201452252,-2946.09073348518,-2868.89849914487,1
0.429453025726469,-0.0045708385854335,-2.76977337141043,0.269238385249966,1.24576587851197,1.33792468091774,0.260234074976386,-1.21919505457536,-4.01067540106893,-6.09955231104526,-4.74547516795815,-2.37892244433118,-2.97499494573743,0.351757687975133,1.02610851581107,1.09618405734273,5.24763555700028,-0.279540328557264,-6.90549362998811,-1.0269873584539,-2.60191351656141,-5.58800377742602,-2.1430009233857,-3.47916282034052,-3.31344057365168,0.407416319964252,0.0554800644357963,4.44334443416842,-6.15296680537273,4.47541225992828,-3.39728248432118,-2960.58435409484,-2868.89849906107,1
0.543546985458013,-0.413966811739796,-3.19259216335674,0.611520264444597,0.82965849596163,1.57953541917277,0.829331658869003,-1.02456418209214,-4.10463513261255,-6.48881405601171,-4.57097852366285,-1.98966069936473,-3.00184058332132,0.614748560458355,1.54959844869698,0.237123654658166,5.56307179861102,0.230526785536695,-7.06656745549147,-0.825645076574701,-2.78312157025268,-5.66182928078173,-1.4181687086206,-3.15701516933381,-3.61545399647048,0.434425179024655,0.511855903361971,4.65810953483956,-6.32075204027206,4.38145252838465,-3.81338986687151,-3026.53993724996,-2868.89849907795,1
0.335493294182845,0.203482852689734,-3.04494115664533,-0.348211279179564,1.27932292549183,1.15000521783049,0.866047632023365,-1.17892659819952,-3.89658144133739,-6.24720331775667,-5.05420000017292,-2.4728821758748,-3.11593454305287,0.473138090659697,0.804632005743959,0.451888755329307,5.46240065767142,-0.447325563456593,-7.17395000582704,-0.731685345031077,-2.26634304676275,-5.31283599219112,-1.85441031935885,-3.47245141094455,-3.41411171459128,0.182342494460896,0.350782077858615,4.98696859524225,-5.837530563762,3.89151964247861,-3.45097375948896,-3041.87824963508,-2868.89849915498,1
0.382473159954657,0.330999631213224,-3.22614921033661,-0.0864663127366114,0.460530979183107,0.633226694340558,0.296950048130748,-1.03127559148811,-3.7690646628139,-6.28747177413251,-4.63138120822661,-2.14402311547212,-3.10922313365689,0.500111513478489,0.737517911784227,0.532425668080985,4.63018589257075,-0.702359120503573,-6.83837953602838,-0.631014204091479,-1.99788667092382,-5.7692118311173,-1.70004790325147,-3.23084067268952,-3.30001775485974,0.965599407212574,0.370916306046535,4.45005584356439,-5.82410774497005,4.41500957536452,-3.29661134338158,-3015.88217346481,-2868.89849905788,1
0.885828864652643,-0.427389630531742,-2.34024317006815,0.249104157062046,1.06455782482069,0.888260251387538,0.755899712560278,-1.27288632974314,-4.57443379033068,-6.38143150567614,-4.45017315453534,-1.83529828325735,-2.82734393902602,0.76310238596171,1.33483334802584,0.98880150700716,5.40870938250364,-0.225849053389479,-6.67059430112905,-1.30886655308477,-2.6287591541453,-5.68196350896964,-2.0423297824461,-2.91540443107878,-3.20605802331611,1.32571752801794,0.639372681885461,4.67153235363151,-5.64289969127878,4.66333172301553,-3.71271872593191,-3016.47010349764,-2868.89849908669,1
0.416030206934523,0.297442584233358,-3.18588075396077,0.228969928874127,0.541067891934785,0.794300519843914,0.309188705848869,-1.38026888007871,-4.27913177690786,-6.9653241231258,-4.98037449681721,-1.97623788057279,-2.96828353634146,0.581031781934865,0.952283012455368,1.14316392311454,5.48253488585934,-0.420479925872701,-6.65046007294113,-0.644437022883425,-2.38714841589027,-5.15176216668777,-1.49870562137228,-2.90869302168281,-3.00471574143692,0.938590548152171,0.834003554368682,4.71851221940332,-6.3610204966479,4.07272769616989,-3.67916167895205,-2927.1597645637,-2868.89849909464,1
0.38918456935063,0.257174127857519,-2.76306196201446,-0.354922688575538,1.08469205300861,1.00906562051505,0.107250853499875,-1.06483263846798,-3.92342707892128,-6.3143174117164,-5.06091140956889,-2.5735533168144,-3.18976004640857,0.102253526901308,0.878457509099664,0.612962580832663,4.67716575834256,-0.366788650704915,-6.36186946891429,-0.872624942346513,-2.50124237562181,-5.6685406901777,-1.60608817170785,-3.4858742297365,-3.56847413069866,0.362401554863581,0.209842480543179,5.01381423282614,-6.35430908725193,3.91836528006251,-4.26305429640171,-3022.22303132247,-2868.89849928674,1
0.442875844518415,-0.192490301672682,-3.17245793516882,0.0209162375989591,0.735698764418006,0.921817298367404,0.774257699137459,-0.742684987461264,-4.35295728026356,-6.66331070030701,-4.92668322164943,-2.43932512889494,-3.57231038197904,0.0550500369684217,0.905303146683556,0.404908889557495,5.56978320800699,-0.554708113792164,-6.70415134810892,-1.43638333160826,-2.13211485884329,-5.76250042172132,-1.2436720643253,-3.0362098002063,-3.69599090922215,0.31738678976291,0.189708252355259,4.95341154826238,-6.19994667114455,3.85125118610278,-3.88050396083124,-2996.28953354453,-2868.89851930698,0
0.825426180088885,0.404825134568929,-2.48118276738359,0.624943083236543,1.23234305972002,0.91510588897143,0.456052598466318,-1.058121229072,-3.97711835408906,-6.81767311641439,-4.95352885923332,-2.13060029668017,-3.16291440882468,0.749615674552314,1.28785348225403,0.814304862711858,4.91206508720162,-0.299674556745184,-6.50952047562569,-1.46322896919215,-2.67573901991711,-6.03095679756025,-1.76045058781523,-3.60667959886401,-3.58860835888658,0.839558064930695,0.968231742288145,4.41649879658453,-5.71001378523851,4.62977467603566,-4.09526906150238,-2936.72577381302,-2868.89849910006,1
0.275090609619086,0.451805000340741,-2.28655189490036,-0.140157587904397,0.661873261062301,0.700340788300289,0.48664924276162,-1.09838968544784,-3.99725258227698,-6.54250533117949,-5.2085624162803,-2.54670767923051,-3.39781373768374,0.641721983277147,1.18047093191846,0.686788084188368,5.60334025498686,-0.0647752278861233,-6.99945336153174,-1.06725581482973,-1.98446385213188,-5.81619169688911,-1.63964521868771,-3.06976684718616,-3.04498419781276,0.506448803185728,0.65950691007338,4.98025718584627,-5.6361882818828,4.18011024650546,-3.4174167125091,-2971.06104370377,-2868.89849911495,1
0.603949670021771,-0.326718489592145,-2.83017605597419,0.530983351692919,1.2122088315321,1.1969850836023,0.070534880345513,-1.66885948410556,-4.23215191113604,-6.64988788151506,-4.66493825520648,-1.92925801480098,-2.80049830144213,0.486624802069093,1.22745079769027,1.15658674190649,4.73756844290632,-0.0379295903022308,-6.4088493346861,-1.42967192221228,-2.9039269393802,-5.60813800561394,-1.75373917841926,-3.15030375993784,-3.73625936559799,0.605481286407205,0.599104225509622,5.08092832678587,-5.94491311409757,3.73044581697526,-4.05500060512655,-2971.30671868922,-2868.89849918687,1
0.348916112974791,-0.105241979525031,-3.2529948479205,-0.120023359716477,0.480665207371026,0.962085754743242,0.192921457526721,-1.46080579283039,-4.58785660912262,-6.77069325064258,-4.69178389279037,-1.80174123627749,-3.47835065043542,0.318040909451643,0.838189052723825,1.029069963383,5.42213220129558,-0.588265160772029,-6.61690302596126,-1.19477259335322,-2.27305445615872,-5.91015142843273,-1.61951099049979,-2.94225006866267,-3.44766876157115,0.281374977682373,0.921251876516333,4.76549208517513,-6.41471177181569,4.06601628677392,-3.63218181318024,-2972.34838410442,-2868.89849909995,1
0.865694636464724,-0.0783963419411381,-2.65567941167889,0.484003485921107,0.46724238857908,1.24396494937411,0.235756759540144,-0.944027269340459,-4.44691701180719,-6.46196841842781,-4.89312617466956,-2.674224457754,-3.38439091889179,0.257350708109361,1.48248435473725,0.45860016472528,5.05971609391303,-0.574842341980083,-6.50280906622972,-1.29544373429282,-2.02473230850772,-5.32625881098307,-1.50541703076825,-2.90198161228683,-3.07854124479262,0.353398601843447,0.397761943630427,4.94670013886641,-6.09256412080898,4.6700431324115,-3.78654422928762,-3004.2625481832,-2868.89849903925,1
0.597238260625798,-0.360275536572011,-2.60869954590708,0.114875969142583,0.97730950267304,0.626515284944585,0.0766542092045734,-1.44067156464247,-4.37309150845148,-6.71700197547479,-5.09446845654876,-2.1238888872842,-3.0085519927173,0.358501043679831,0.589866905072818,0.700210902980314,5.37515233552377,-0.393634288288808,-7.16052718703509,-1.24846386852101,-2.74285311387684,-5.9437084754126,-1.80743045358704,-3.08990107537408,-3.34028621123558,0.0563011521790172,0.243399527523045,5.20844510530936,-5.59591982550696,4.57608340086788,-4.18922879304601,-3083.40001639504,-2868.89849911732,1
1.06703691834392,-0.38040976475993,-2.61541095530305,-0.281097185219833,0.554490710726731,0.894971660783511,0.0215802494730298,-0.863490356588781,-4.12476936080047,-6.74384761305869,-4.50386442970312,-2.2983855315795,-3.69311575110656,0.513598224887885,0.851611871515771,0.71363372177226,5.53622616102713,-0.326520194329076,-6.684017119921,-0.604168566507587,-2.87708130179631,-5.58129236803005,-1.47185998378838,-3.82815610893113,-3.50136003673893,0.740525581709218,0.344070668462642,4.91314309188654,-6.02545002684924,3.92507668945848,-3.79325563868359,-2994.28742409049,-2868.89849917507,1
0.509989938478147,-0.40054399294785,-3.0516525660413,0.544406170484865,1.33301420065962,1.53255555340096,0.143966826654238,-1.65543666531361,-3.68852775006222,-6.71029056607882,-4.55755570487091,-1.90912378661306,-3.31727682493206,0.405704533612717,1.38181321379765,0.975378688215213,5.0932731408929,0.223815376140722,-7.15381577763912,-0.852490714158593,-2.09855781186342,-6.07793666333206,-1.67991367506355,-3.14359235054187,-3.38726607700739,0.191345447481031,0.29709080269083,5.16146523953755,-6.27377217450025,4.52910353509606,-4.25634288700574,-2997.49577228088,-2868.89849908067,1
1.10059396532378,0.465227819132687,-2.81675323718224,0.322929660417751,0.487376616766999,0.639938103736531,0.168444142090479,-1.17221518880355,-4.33953446147162,-6.26062613654862,-4.62466979883064,-2.53999626983453,-2.86761239540186,0.628235271867751,1.40194744198557,0.995512916403133,5.18052146304055,0.129855644597098,-7.10683591186731,-1.36255782825255,-2.15224908703121,-5.42692995192267,-1.98863850727832,-3.27782053846133,-3.54833990251074,1.25369390385687,0.753466641617004,5.38294174960466,-5.60934264429891,4.03917064919002,-3.36372543734131,-3063.13918889878,-2868.89849921007,1
0.463010072706335,0.34442245000517,-2.3536659888601,-0.133446178508423,0.963886683881093,1.37819313729358,0.229637430681083,-1.29302055793106,-3.67510493127027,-6.91163284795801,-5.07433422836084,-2.25140566580769,-2.96157212694548,0.904712855760368,1.16033670373054,0.84115050029575,5.4691120670674,0.109721416409179,-6.46925201924986,-1.34913500946061,-2.76969875146074,-5.78263464990924,-1.83427609117093,-3.45231718275663,-3.75639359378591,0.272372024662239,0.491721675174051,4.80576054155097,-5.98518157047341,4.43514380355244,-3.59862476620037,-3001.50148527899,-2868.89849915831,1
0.724755039149288,-0.373698355363957,-2.32010894188023,-0.341499869783591,1.19878601274015,1.52584414400499,0.566200517929406,-1.67557089350153,-4.46033983059913,-6.94518989493788,-5.12131409413265,-2.23798284701574,-3.74680702627434,0.99911983562614,0.885168918495637,0.888130366067562,5.05300468451706,-0.152023550033774,-6.61019161656529,-1.51692024435994,-2.15896049642718,-5.72223196534548,-1.53226266835214,-3.40533731698482,-3.59531976828256,0.695510816608547,0.0487686550398231,5.38965315900063,-5.47511445637945,4.56266058207593,-3.85365832324735,-3015.56980234507,-2868.89849907071,1
0.738177857941234,0.418247953360875,-2.48789417677956,0.524271942296946,0.984020912069013,1.61309246615264,0.749780383701218,-1.60174539014583,-4.0442324480488,-6.8646529821862,-5.18171677869641,-2.60711036379426,-3.35083387191193,0.560801714820771,0.844900462119798,1.11631828553065,4.89864226840968,0.0694529600333398,-7.00616477092771,-0.839067895366647,-2.70929606689698,-5.59471518682199,-1.22353783613738,-3.04963261899824,-3.32015198304766,0.632490145467608,0.290379393294857,5.23529074289325,-5.50867150335931,3.79755991093499,-3.75298718230775,-2974.97600178662,-2868.89849908463,1
0.355627522370764,-0.12537620771295,-3.0784982036252,0.450446438941241,1.05784641542472,1.35134749970969,0.370381994439473,-1.31986619551496,-3.64154788429041,-6.45525700903184,-5.16158255050849,-2.40576808191507,-2.9078808517777,0.0348199698543278,1.51604140171711,0.183432379490381,5.03287045632914,-0.111755093657935,-6.95247349575992,-1.35584641885658,-2.21936318099094,-5.4940440458824,-1.7671619972112,-3.19728362570965,-3.80337345955772,1.01961712533338,0.377627715442508,4.8728746355107,-5.97175875168146,4.14655319952559,-3.80667845747554,-3008.70168460306,-2868.89872760446,0
0.577104032437878,0.190060033897788,-3.16574652577285,0.101453150350637,0.473953797975053,1.43188441246136,0.382620652157594,-1.6084567995418,-4.61470224670651,-6.99888117010567,-4.7588979867501,-2.31851975976742,-3.75351843567032,0.479881446364395,0.750940730576174,0.257257882846086,4.83152817444995,-0.0110839527183381,-6.44240638166596,-0.677994069863291,-2.28647727495067,-5.95713129420454,-1.43159152741254,-3.01607557201838,-3.74297077499397,0.0653041051991514,0.860849191952575,4.67824376302748,-6.25363794631233,4.15326460892157,-3.30332275277755,-3010.34424463368,-2868.89849905099,1
1.10730537471976,-0.353564127176038,-2.66239082107486,0.195412881894261,0.843081314753577,0.80772333863586,0.847689645446184,-0.937315859944485,-4.60799083731054,-6.02572680768956,-5.08775704715279,-1.95610365238487,-3.082377496073,0.142713661129496,1.07979979097886,0.847861909691723,4.75099126169827,-0.219137643993506,-7.02629899911563,-1.33571219066866,-2.51466519441376,-5.4671984082985,-2.14971233278167,-3.12345812235395,-3.72283654680605,0.119321823319957,0.0756142926237157,5.04065987041003,-6.03887284564119,4.26064715925714,-3.50466503465675,-3073.92662022922,-2868.89849909352,1
0.845560408276804,0.0759660741662443,-3.19930357275271,0.0678961033707712,0.742410173813979,1.44530723125331,0.682467766251553,-1.40711451766261,-4.43349419301524,-6.93176707614593,-5.04748859077695,-1.70107009533789,-3.03539763030119,0.86425272153218,1.24758502587819,0.297526339221925,4.75770267109424,-0.641956435939815,-7.07999027428341,-1.24175245912504,-2.64889338233322,-5.35310444856696,-2.10273246700986,-3.02949839081032,-3.62887681526242,0.245363165601836,0.726621004033112,4.61112966906775,-5.68316814765461,3.89823105187459,-4.00802073935473,-3029.63953862596,-2868.89849915287,1
0.295224837807006,-0.387121174155903,-2.85702169355808,0.014204828202986,0.755832992605926,1.12987098964257,0.199040786385781,-1.48094002101831,-3.69523915945819,-6.55592814997144,-4.6850724833944,-2.26482848459963,-2.94814930815354,0.594518493344261,1.20731656950235,0.740479359356153,5.30132683216807,-0.0714866372820965,-6.44911779106194,-0.97329608328611,-2.03815512729966,-6.1182051197079,-2.05575260123805,-3.110035303562,-3.2597492984839,1.31671457499781,0.142728386583447,4.77220349457111,-5.95833593288951,4.50225789751217,-3.38385966552923,-3013.91649364034,-2868.89849902666,1
0.637506717001637,-0.226047348652548,-3.12547806939701,0.302795432229832,1.22563165032405,1.07617971447479,0.303069376989808,-1.50107424920623,-4.19188345476021,-6.47539123721976,-5.16829395990446,-2.51315063225064,-3.08908890546897,0.0617933926731197,1.4690615359453,0.263969292242059,5.1670986442486,0.170124100972937,-7.28804396555858,-1.12765849939349,-2.54822224139362,-5.96384270360052,-1.44501434620449,-3.6603708740318,-3.17921238573222,0.0472981991588829,0.666218319469353,5.1480424207456,-5.85766479194992,4.53581494449204,-3.8402355044554,-3073.97017080334,-2868.89849908424,1
1.00663423378016,-0.219335939256574,-2.54158545194734,0.463869257733187,0.420262522807268,1.15671662722646,0.63351313537907,-1.03798700088408,-4.34624587086759,-6.67673351909895,-4.3830590605756,-2.59368754500232,-3.67298152291864,0.432677956431509,0.958994421851342,0.324371976805817,5.12011877847679,-0.0446409996982039,-6.34844665012234,-1.32228937187671,-1.96432962394396,-5.46048699890253,-1.32420897707697,-3.27110912906536,-3.3335748018396,0.200348400501165,0.592392816113649,4.6245524878597,-6.06571848322508,4.25393574986116,-4.13553751787822,-2984.27644904025,-2868.89849915213,1
0.677775173377476,-0.152221845296843,-3.23286061973258,0.504137714109026,0.588047757706597,1.23725353997814,0.78037702799652,-1.07825545725992,-4.53416533395484,-6.70357915668285,-4.37634765117963,-1.87556673963319,-3.51190769741528,0.844022654418086,1.10664542856275,0.364640433181656,5.23421273820834,-0.0580638184901502,-6.69743993871294,-1.14779272758141,-2.65560479172919,-5.69538632776159,-1.39803448043268,-3.02278698141435,-3.28659493606779,1.01061417231325,0.55212435973781,5.047371279806,-5.42813459060763,3.85796259549875,-3.90063818901916,-3051.42031527038,-2868.89849910335,1
0.536835576062039,-0.279738623820333,-2.47447135798761,0.517560532900973,1.37999406643143,1.49899850642109,0.247995417258265,-1.68899371229348,-3.64825929368638,-6.28076036473654,-5.18842818809238,-2.55341908862648,-3.51861910681126,1.01260654703554,1.3683903950057,0.948533050631321,4.82481676505397,-0.373500060100888,-6.56992316018945,-1.41624910342034,-2.52137660380973,-5.65511787138575,-1.95508146029845,-3.35164604181703,-3.29330634546376,1.28070276291727,0.357493487254588,4.8997202730946,-5.89122183892978,3.87809682368667,-3.98788651116681,-2970.28180212553,-2868.89849903015,1
1.19455369686741,0.384690906381009,-2.99796129087352,0.551117579880838,1.26590010669989,0.941951526555323,0.358143336721352,-1.10510109484381,-4.35966868965953,-6.56263955936741,-4.51728724849507,-2.03664056513655,-3.66627011352266,0.877739432941576,0.623423952052684,0.331083386201791,4.61676307377881,-0.487594019832432,-6.83166812663241,-1.28873232489685,-2.43412828166208,-6.03766820695622,-2.08930964821791,-3.08318966597811,-3.35370903002752,0.389410413923984,0.538701540945863,4.49032429994023,-5.57578559731904,4.5962176290558,-4.07513483331446,-2982.24905063171,-2868.8984990583,1
0.832137589484858,0.351133859401144,-2.82346464657822,0.369909526189563,1.35985983824351,1.5728240097768,0.529484544775043,-1.44738297403845,-3.9435613071092,-6.15995499560902,-5.19513959748836,-2.36549962553923,-3.44479360345555,0.331527620861039,1.20060516010638,0.955244460027294,5.08656173149693,-0.172157778221694,-6.87864799240422,-0.771953801406915,-2.16567190582315,-5.86988297205689,-1.45843716499644,-3.17714939752173,-3.76310500318188,1.02862007835351,0.612527044301568,5.06750550799392,-6.11940975839287,3.76400286395512,-4.14896033667017,-2936.3391674329,-2868.89849901557,1
1.25495638143117,-0.0582621137532187,-2.89057874053795,0.061184693974798,0.628316214082436,1.08289112387076,0.443813940748198,-1.04469841028006,-3.73550761583403,-6.3411630493003,-4.49044161091117,-2.08362043090836,-3.07566608667703,0.621491916163053,0.690538046012415,0.680076674792395,4.80468253686605,-0.178869187617667,-7.22092987159885,-0.691416888655238,-2.01130948971577,-5.70880914655354,-1.25709488311724,-3.23755208208549,-3.51478285553088,0.290377930702507,0.438030400006266,4.57086121269191,-6.05900707382911,4.45527803174036,-3.3905710749252,-2994.67206413606,-2868.89849910284,1
0.402607388142576,-0.259604395632413,-2.86373310295406,-0.0529092657567456,0.822947086565657,0.955374345347269,0.345904679003231,-1.62859102772972,-4.08450090442463,-6.87136439158218,-4.82601208070983,-2.22456002822379,-3.21660568399246,0.176430439652985,1.17375952252248,0.639808218416556,5.09998455028887,-0.360077241308942,-7.09341309307536,-1.02027594905792,-2.57506787897752,-6.05109102574817,-1.27051770190919,-3.5596997330922,-2.84364191593356,1.30771162197767,0.894406238932441,4.96012295765835,-5.89793324832575,4.58950621965982,-4.12882610848225,-2993.12553445067,-2868.89849909657,1
0.75160067673318,0.377979496985036,-2.56843108953124,0.403466573169429,0.782678630189818,1.06275689568284,0.63963246423813,-0.930604450548512,-4.2925545956998,-6.18680063319291,-4.40319328876352,-2.41247949131104,-2.88774662358978,0.857509365827482,0.932148784267449,1.1028954667387,4.68387716773854,0.136567053993071,-7.28133255616261,-1.11423568060155,-2.73614170448087,-6.08464807272803,-1.17655797036557,-3.34493463242106,-2.91746741928927,0.326389742783044,0.961520332892172,5.0742169173899,-6.23350371812441,4.1197075619417,-4.12211469908628,-2969.28191227897,-2868.89849925313,1
1.02676846196808,-0.420678221135769,-2.64896800228291,0.383332344981509,1.18536319394821,0.847991795011699,0.468291256184439,-1.7091279404814,-4.29926600509578,-6.14653217681708,-5.32265637601185,-2.27153989399561,-3.55217615379112,0.122483594015402,0.871746099703691,0.827727681503804,4.90535367780565,-0.118466503053909,-6.36858087831026,-1.16121554637336,-2.12540344944731,-5.62156082440589,-2.08259823882194,-3.29124335725328,-3.62216540586645,1.22668504479647,0.270245165106937,4.53059275631607,-5.87779902013784,4.09286192435781,-3.61875899438829,-2984.74688263762,-2868.89849922633,1
1.24153356263922,0.163214396313895,-2.93084719691379,0.336352479209697,0.601470576498543,1.05604548628687,0.670229108533432,-0.75610780625321,-4.33282305207564,-6.75727043185063,-4.61795838943466,-1.76147277990165,-3.04210903969716,0.574288426230167,1.18718234131443,0.854573319087697,5.30803824156404,-0.33323160372505,-7.3081781937465,-1.36926923764853,-2.31332291253456,-5.89672860964079,-1.7940076347951,-3.74761919617945,-2.95102446626913,1.2086791387562,0.927963285912306,4.73864644759124,-6.00531579866133,4.15997601831754,-3.99459792056279,-3001.79682217925,-2868.89849903552,1
0.650929535793583,-0.0515507043572456,-2.43420290161177,0.0746075127667444,0.789390039585791,0.686917969508343,0.156205484372359,-0.984295725716297,-3.6683935218743,-7.00559257950164,-4.75218657735413,-1.82187546446541,-3.61257883835488,0.776589097371106,0.710672274200335,0.411620298953468,5.48924629525531,-0.601687979563976,-7.19408423401496,-0.570611519527721,-2.89050412058825,-5.55444673044615,-1.23696065492932,-3.07647825658213,-3.27317211727584,0.173339541440762,0.652795500677407,5.24200215228923,-6.13954398658079,4.27406997804908,-3.58520194740842,-3039.86525750085,-2868.89849928955,1
0.671063763981502,-0.0851077513371113,-3.00467270026949,0.584674626860704,0.567913529518677,0.93524011715935,0.560081189070345,-0.957450088132405,-4.06436667623672,-6.52908251238755,-5.22198523507225,-1.91583519600903,-3.7065385698985,0.392217822203321,1.15362529433456,0.800882043919911,5.4422664294835,-0.427191335268674,-6.98603054273979,-0.711551116843157,-2.69587324810503,-5.98397693178844,-1.4919942119763,-3.1838608069177,-2.92417882868524,0.866566923991098,0.223265299335125,4.83931758853084,-5.79055069799018,4.68346595120345,-3.43755094069701,-2997.0696727452,-2868.89849963798,1
0.87911745525667,0.371268087589063,-3.05836397543728,-0.106600540924531,0.655161851666328,1.10302535205868,0.205160115244842,-1.13865814182368,-3.96369553529712,-6.36800868688419,-5.27567651024003,-2.34536539735131,-3.25016273097233,0.324784265156341,0.703960864804362,0.646519627812529,5.2677697851882,-0.561419523188137,-6.73099698569281,-0.557188700735774,-2.17238331521913,-5.51417827407032,-2.02219555425818,-3.7610420149714,-3.24632647969195,1.24469095083674,0.6796411382613,5.33596188383285,-6.03216143624522,4.46870085053231,-3.28318852458963,-3077.53600627084,-2868.89849908249,1
0.973077186800294,0.0558318459783249,-3.21943780094063,-0.368345507367484,1.12496050938445,0.707052197696262,0.817093001150882,-1.13194673242771,-4.54087674335081,-6.44183419023989,-4.72534093977024,-2.27825130339158,-3.33069964372401,0.452908023545603,0.630135361448657,1.05591560096689,4.9926019999533,-0.541285295000217,-7.29475537495455,-0.577322928923694,-2.34687995951443,-5.60142659621797,-1.91481300392261,-3.0093641626224,-3.19934661392014,0.911581689091769,0.813869326180763,4.55743839389996,-5.95162452349354,4.40829816596855,-3.8670811420393,-3026.62968332016,-2868.89849914373,1
0.946231549216402,-0.467658086907581,-3.01809551906144,0.49071489531708,0.400128294619348,0.841280385615726,0.492768571620681,-0.735973578065291,-4.03080962925685,-6.8914986197701,-4.61124698003869,-2.28496271278755,-3.49848487862334,0.958659701397952,1.05966556279094,0.807593453315885,5.22078991941639,-0.306385966141157,-6.66388289173308,-0.778665210802889,-2.49453096622584,-6.0443796163522,-1.87454454754677,-3.64023664584388,-3.01813856022886,0.803546252850158,0.686352547657273,5.2487135616852,-5.62947687248683,4.54923776328398,-4.20265161183795,-3009.43686174087,-2868.89849905047,1
0.409318797538549,-0.440812449323689,-2.70937068684667,0.121587378538556,0.990732321464986,1.03591125809895,0.315308034707929,-0.977584316320324,-4.09792372321658,-6.80425029762244,-4.79245503372997,-2.43261371949896,-3.2568741403683,0.554058359116073,1.14020247554262,0.357929023785683,5.58991743619491,-0.662090664127734,-6.62361443535724,-0.812222257782754,-1.99117526152785,-6.13162793849985,-2.10944387640583,-3.66708228342777,-3.13894392935638,1.11864960855486,0.773600869804924,4.64468671604762,-6.12612116778884,4.07943910556586,-4.24963147760977,-2933.17082960046,-2868.8984991023,1
1.18784228747144,-0.313295670800199,-3.24628343852453,0.443735029545268,0.514222254350892,1.21040790239425,0.223518101822023,-0.997718544508244,-4.07778949502866,-6.11968653923318,-4.77903221493802,-1.77489559869359,-3.78036407325421,0.83053594300869,0.744229321180201,0.498868621101119,5.61005166438283,-0.749338986275385,-7.18737282461898,-1.00685313026598,-2.71600747629295,-5.22558767004347,-1.317497567681,-3.35835745121301,-3.14565533875235,0.794543299830024,1.00850019866398,4.51045852812815,-5.80397351678213,4.33447266261284,-3.7664100010997,-2965.69664232657,-2868.89849912228,1
0.892540274048617,-0.501215133887447,-2.91071296872587,0.289372613437885,1.01757795904888,0.693629378904316,0.884405618600547,-0.856778947192808,-4.5945680185186,-6.1398207674211,-4.57768993305883,-2.63395600137816,-3.19647145580454,0.978889768512046,0.670403817824496,0.431754527141388,4.76441408049021,-0.158734959429747,-6.85180235482033,-0.993430311474029,-2.32003432193054,-5.71552055594951,-1.67320226566758,-3.39191449819287,-3.23290366090001,0.596478333387071,0.384339124838481,4.75878067577916,-5.76370506040629,3.98547937402224,-3.40399389371715,-3056.16261857742,-2868.90392811654,0
0.449587253914388,0.169925805709868,-2.51473981436345,-0.0394864469647992,0.802812858377738,0.928528707763377,0.676348437392493,-1.28630914853509,-4.25228613932396,-6.90492143856204,-5.08104563775681,-1.72120432352581,-2.84747816721394,0.0820234597872137,1.32812193862987,0.472022983517227,4.87850804022176,0.190258329160856,-6.81153389844449,-1.30215514368879,-2.23949740917886,-5.56115813984213,-1.47857139318436,-2.98922993443448,-3.68256809043021,1.33472048103808,0.558835769133783,5.25542497108117,-5.75028224161435,4.17339883710949,-4.16909456485809,-3004.00855026691,-2868.89849911085,1
1.26837920022311,-0.494503724491474,-2.49460558617553,-0.167003225488289,0.910195408713308,1.55940119098485,0.425455954171016,-0.917181631756566,-3.91671566952531,-6.65659929091104,-5.1347369129246,-2.07019761211641,-3.06895467728105,0.284324130928153,1.56302126748893,0.398197480161522,4.78454830867813,-0.400345697684781,-7.22764128099482,-1.2753095061049,-2.58177928837349,-5.20545344185555,-1.99534991667429,-3.13688094114589,-3.12552111056443,0.542460615266265,0.109171339603582,4.61784107846372,-5.93149029530562,3.81098272972694,-3.5919133568044,-2979.63194935873,-2868.89849909265,1
1.15428524049157,-0.293161442612279,-2.58185390832318,-0.12673476911245,0.426973932203241,1.45873005004526,0.137847497795177,-1.41382592705858,-3.82275593798168,-6.95861271372983,-4.89983758406554,-1.8487211020493,-3.60586742895891,0.419191245022113,0.797920596347986,0.277392111034005,4.97917918116136,-0.199003415805586,-6.47596342864583,-1.04041017724584,-1.97775244273591,-5.93699706601662,-1.92152441331859,-3.55298832369623,-2.97787010385303,0.236360212581702,0.954808923496199,4.49703570933621,-6.33417485906401,3.83111695791486,-3.55835630982453,-2999.77872777323,-2868.89849918567,1
0.979788596196268,0.00885198020651279,-2.85031028416211,0.10816455974661,0.708853126834113,0.874837432595591,0.437694611889137,-1.31315478611898,-3.72208479704208,-6.20693486138083,-4.54413288607896,-1.94268083359292,-2.84076675781797,0.891226144350972,1.58315549567684,0.304237748617898,4.71072280532243,-0.762761805067331,-6.42227215347804,-0.912893398722352,-2.19251754340705,-6.05780243514414,-1.43830293680852,-3.70735073980361,-2.8839103723094,0.011286387078346,0.458164628194186,5.37623034020869,-5.92477888590965,4.5693719914719,-3.92748382660306,-3041.93282964048,-2868.89849944971,1
1.1475738310956,-0.165644664088789,-3.26641766671244,0.430312210753321,1.32630279126364,0.868126023199618,0.125608840077057,-0.850067537796834,-3.80933311918974,-6.01230398889761,-4.5844013424548,-1.79502982688151,-2.8072097108381,0.93168627857916,0.76436354936812,1.07604982915481,5.32146106035599,0.123144235201125,-6.80482248904851,-1.38940346583645,-2.72271888568892,-5.78934605930522,-1.18998078915751,-3.53956550490428,-2.94431305687316,0.848561017950829,0.411184762422374,5.18159946772547,-6.22008089933247,3.97876796462627,-3.70600731653594,-2968.23608565325,-2868.89849906103,1
0.718043629753315,-0.111953388921004,-2.36037739825607,-0.220694500656074,0.84979272414955,1.022488439307,0.853808974305244,-1.45409438343442,-4.41335996482732,-6.36129727748822,-4.79916644312594,-2.19100298124393,-2.93472648936159,0.924942922874462,1.13349106614664,0.941821641235348,5.47582347646337,-0.051352409094177,-7.25448691857872,-1.39611487523242,-2.37372559709832,-5.86317156266092,-1.37790025224476,-3.76775342436737,-2.91075600989329,0.443428132044789,0.485010265778078,5.39636456839661,-5.7368594228224,4.60292903845177,-3.46439657828091,-3033.51773183644,-2868.8984992001,1
0.617372488813717,-0.0649735231491919,-2.46104853919567,0.316218251021778,0.836369905357603,0.814434748031833,0.872166960882426,-0.829933309608915,-4.22544050174007,-6.38814291507211,-5.29581073842795,-2.45274794768688,-3.6327130665428,0.270837419518757,1.46235012654933,0.60625117143669,4.66374293955062,-0.581553751376056,-6.3820036971022,-0.543765881943828,-2.29990009374262,-5.87659438145287,-2.02890696365416,-3.89527020289086,-2.90404460049732,0.686507863588413,0.323936440274722,4.47690148114829,-6.16638962416468,4.24051293106922,-3.86036973264332,-2959.07782163605,-2868.89849911767,1
0.469721482102308,-0.514637952679393,-2.68252504926278,0.457157848337214,0.728987355022033,1.08960253326673,0.688587095110614,-1.12523532303173,-4.07107808563269,-6.68344492849493,-4.46359597332728,-2.05677479332447,-2.90116944238173,0.0887668154919117,1.00597428762315,0.492157211705146,5.28119260398015,0.0828757788252861,-7.04643322730355,-1.26859809670893,-2.47439673803792,-5.30612458279515,-1.37118884284879,-3.84829033711905,-3.22619225150403,0.227357259561567,0.498433084570024,5.30240483685298,-6.3878661342318,4.294204206237,-3.71943013532789,-3033.71544434101,-2868.89849906623,0
0.483144300894254,0.149791577521949,-3.07178679422922,0.396755163773456,0.997443730860959,0.733897835280155,0.725303068264976,-1.69570512168945,-3.78248748160584,-6.33445163990432,-4.83943489950178,-1.88227814902916,-3.63942447593877,0.108996882606006,1.47577294534127,0.86128472848367,4.67045434894659,-0.54799670439619,-6.8585137642163,-0.563900110131748,-2.39385982528624,-5.53431250225824,-1.86112172875483,-3.62010241765596,-3.4342459427792,0.902578736071635,0.518567312757944,5.15475383014157,-6.01873861745327,4.16668742771351,-3.61204758499232,-3035.6381439895,-2868.89849906565,1
1.20126510626338,-0.460946677511608,-2.68923645865875,0.188701472498288,0.72227594562606,1.19027367420633,0.713064410546855,-1.66214807470959,-4.39993714603537,-6.42841137144795,-4.86628053708567,-2.04335197453252,-3.13606877124079,0.783332453075804,1.41537026077752,0.525714258685012,5.32817246975196,-0.131889321845855,-6.86522517361227,-0.919604808118325,-2.85694707360839,-5.37995008615085,-1.84098750056691,-3.25097490087744,-3.0852526541886,1.27169980989714,0.941386104704253,5.26884778987312,-5.9113560671177,3.97205655523029,-3.82010127626748,-3002.87248956115,-2868.89849907977,1
0.657640945189556,-0.320007080196172,-2.6019881365111,0.0880303315586907,0.688718898646194,0.727186425884182,0.352024007862292,-1.18563800759549,-4.58114519972665,-6.50223687480365,-4.87299194648164,-1.78160700808957,-2.99512917392535,0.608005204753657,1.09993401916678,0.22370083586622,5.21407851002042,-0.346654422516996,-6.4826748380418,-1.49007460677604,-2.79654438904463,-5.33968162977501,-1.57253112472798,-3.88855879349489,-2.984581513249,1.07363484345418,0.854137782556602,4.43663302477245,-6.28048358389622,3.74386863576721,-3.52479926284467,-2925.92297732581,-2868.89849913203,1
0.362338931766737,0.0424090271863785,-2.38051162644399,0.61823167384057,0.937041046297201,1.04262266749492,0.921121591754909,-1.37355747068274,-3.77577607220987,-6.11297512983721,-4.36963624178366,-2.24469425641171,-3.64613588533475,0.715898896028824,1.38852462319362,0.747190768752126,4.63689730196672,-0.292963147349211,-6.37529228770623,-1.00014172087,-2.0784235836755,-5.44706418011058,-1.59937676231187,-3.59325678007207,-2.93089023808121,0.95659645419244,0.760178051012977,4.5977068502758,-5.62276546309086,3.95192232704237,-3.37714825613326,-3019.27372500065,-2868.89849910747,1
0.395895978746603,0.310865403025305,-2.31339753248426,-0.0663320845486919,0.809524267773711,0.646649513132504,0.0888928669226942,-1.24604069215925,-3.83617875677363,-6.414988552656,-4.4837302015152,-2.23127143761977,-2.85418957660991,0.0213332584449318,1.5697326768849,0.216989426470247,5.3684409261278,-0.527862476208271,-6.63032584475321,-0.71826252623913,-2.87036989240033,-5.52760109286226,-1.20340360794946,-3.10332389416603,-2.83021909714162,0.758531487749487,0.310513621482776,5.31582765564493,-6.14625539597676,3.7707142733511,-3.28989993398561,-3051.94205645683,-2868.89849929292,1
0.64421812639761,0.304153993629332,-2.89729014993392,0.242392747666073,0.923618227505254,1.36477031850163,0.449933269607258,-1.11852391363576,-4.493896877579,-6.58277378755533,-4.52399865789104,-2.58697613560634,-3.50519628801931,0.378731110793925,0.918725965475503,0.921687413047428,5.15367582545666,-0.688936301711627,-7.01287618032368,-1.12094708999752,-2.24620881857483,-6.10478230091595,-1.38461166164073,-3.75433060557542,-3.18592379512819,0.560466521306534,0.740043822825058,4.83260617913486,-6.09927553020495,3.88480823308264,-3.92077241720708,-2926.60637701718,-2868.89849904803,1
1.16770805928352,0.290731174837385,-2.628833774095,0.0410504657868786,1.2860343348878,1.51913273460901,0.621274477660949,-1.2326178733673,-4.55429956214276,-6.17337781440097,-4.6582268458105,-2.06348620272044,-3.57902179137501,0.0483066812637238,0.945571603059395,1.10960687613468,5.01273622814122,-0.67551348291968,-6.59676879777335,-0.966584673890137,-2.91063834877617,-6.02424538816428,-1.28394052070114,-2.97580711564254,-2.85035332532954,0.146330682380359,0.391050534234454,4.96683436705433,-5.85095338255394,3.91165387066653,-4.2160744306299,-3004.8721254719,-2868.89849905551,1
1.14086242169962,0.458516409736714,-2.59527672711513,0.477292076525134,0.890061180525389,0.988931392327135,0.78649635685558,-0.782953443837103,-3.63483647489443,-6.22706908956875,-4.73205234916621,-2.41919090070702,-3.05553185848911,0.291067486632851,0.717383683596308,1.08947264794676,5.01944763753719,-0.232560462785452,-7.30146678435053,-1.23504104972906,-2.5280880132057,-5.43364136131864,-1.54568548714409,-3.65365946463583,-3.42753453338323,0.299380883722641,0.176285433563313,5.10106255497379,-6.38115472483582,4.03245923979405,-3.82681268566346,-3016.66082247466,-2868.89849914529,1
1.04019128076003,-0.299872852008252,-3.09863243181312,0.2356813382701,0.453819569787134,1.43859582185734,0.505007229338802,-1.64201384652167,-4.13148077019645,-6.59619660634728,-5.34279060419976,-2.30509694097547,-3.76694125446226,0.196660506767079,1.55630985809295,0.505580030497093,4.95233354357746,-0.252694690973372,-6.57663456958543,-1.50349742556799,-2.54151083199765,-5.47390981769448,-1.18326937976154,-3.13016953174992,-3.76981641257786,0.857563970970963,0.619238453697541,4.54401557510802,-5.51538291275529,4.3948753471766,-4.0415777863346,-2972.45574896104,-2868.89849909963,1
1.26166779082714,-0.266315805028386,-2.38722303583996,-0.0126408093809067,0.668584670458275,0.908394479575457,0.645751793097191,-0.77624203444113,-4.05094385744477,-6.08612949225332,-5.23540805386419,-2.58026472621037,-3.33741105311998,0.277580775223455,1.12677965675067,0.519002849289039,5.00602481874525,0.116432825805152,-6.54978893200153,-0.624302794695506,-2.70258465750101,-5.23901048883542,-1.98192709788234,-3.36506886060898,-3.02484996962484,0.515451756205863,0.471587446986132,4.50374711873218,-5.52209432215126,4.05930487737794,-3.83352409505943,-2964.15266780842,-2868.89849903323,1
0.308647656598952,0.0356976177904054,-2.69594786805473,-0.27438577582386,0.520933663746865,1.40503877487747,0.119489511217996,-1.55476552437402,-3.93013848831725,-6.09284090164929,-4.84614630889775,-1.94939224298889,-3.29714259674414,0.567545070525469,1.01268569701913,1.01564714459105,4.69729998653048,-0.715781939295519,-6.91891644878006,-1.44309474100423,-2.59520210716544,-5.92357424722468,-1.90139018513067,-2.95567288745462,-3.13223251996041,0.533457662246131,0.417896171818347,4.93998872947043,-6.30061781208414,4.24722434046519,-3.67245026955608,-2993.78252175638,-2868.89849910357,1
0.731466448545261,0.317576812421278,-2.88386733114198,0.135010197330503,1.30616856307572,0.827857566823779,0.768138370278399,-1.58161116195791,-4.02409821986088,-6.89821002916607,-4.59782416124674,-2.01650633694863,-3.02197481150924,0.0415633255590258,1.54288703930101,0.58611694324877,4.85166240263787,-0.192292006409613,-6.35515805951831,-0.651148432279399,-2.64218197293725,-6.13833934789582,-1.25038347372127,-3.43889436396468,-3.77652782197383,0.569469474326668,0.337359259066669,5.28227060866506,-6.30732922148012,4.62306326663969,-3.72614154472386,-3025.71040850177,-2868.89849907893,1
0.805291951900966,-0.25289298623644,-2.58856531771916,-0.153580406696343,1.1115376905925,1.48557568762915,0.0827735380636338,-1.25275210155522,-4.62141365610249,-6.32774023050835,-5.04077718138097,-2.35207680674728,-3.67969293231461,0.412447889317415,0.818054824535905,0.901553184859509,4.62347448317478,0.00233886607360823,-6.52294329441764,-1.1746383651653,-2.78983297964866,-5.61484941500991,-1.45172575560046,-3.63352523644791,-2.93760164747719,1.21768209177633,0.713198185241165,5.20173369591339,-6.05229566443314,4.12641897133767,-3.77312141049567,-3000.04126701943,-2868.89849911796,1
0.4965671196862,-0.447523858719662,-3.20601498214869,0.416889391961375,1.25918869730391,1.49228709702512,0.4744105850435,-1.29973196732704,-3.90329285073336,-6.166666405005,-4.41661610755547,-2.53328486043856,-3.17633722761662,0.0752801040825157,1.07308838158289,1.06933841975884,5.02615904693317,0.0224730942615277,-7.27462114676663,-0.926316217514298,-2.42741687226611,-5.31954740158709,-1.68662508445952,-3.52614268611234,-2.87048755351746,0.0382952461387487,0.78702368859687,4.46347866235634,-5.73014801342643,4.64990890422358,-3.96104087358292,-3039.71775703259,-2868.8984990532,1
0.919385911632509,0.230328490273627,-2.37380021704802,-0.267674366427887,0.641739032874382,0.774166291655994,0.553961860211285,-0.816510490816969,-4.5677223809347,-6.52237110299157,-4.67836107399842,-2.0970432497003,-3.23673991218038,0.250607352404663,0.677115227220469,0.914976003651455,4.77112548988619,-0.735916167483439,-6.6571714823371,-0.959873264494164,-2.58849069776946,-5.34639303917099,-2.12286669519778,-3.09661248477005,-3.03156137902081,0.380407460903849,0.0689028832277426,4.81247195094694,-5.5355171409432,4.38816393778063,-3.88721537022722,-2973.79463297424,-2868.89849912781,1
0.89925168344459,0.270596946649466,-2.55500827073929,0.36319811679359,1.10482628119653,1.09631394266271,0.254114746117325,-1.15208096061563,-4.2187290923441,-6.04586103587748,-5.00722013440111,-2.66080163896205,-3.69982716050253,0.156200372538892,0.777786368160066,0.666653856000448,5.10669595968485,-0.6956477111076,-6.932339267572,-0.698128298051211,-2.53479942260168,-5.15847357608374,-1.78729622539912,-3.46574000154858,-3.7832392313698,0.78554034680989,0.867560601348548,4.51716993752412,-5.84424197315797,4.045882058586,-4.22278584002587,-2965.16513110929,-2868.89849950394,1
0.610661079417744,-0.434101039927715,-2.78319619020238,0.208835700686207,1.36657124763948,1.13658239903854,0.0276995783320902,-0.789664853233076,-3.80262170979376,-6.39485432446808,-5.35621342299171,-2.16415734366004,-3.56559897258307,0.837279298713388,0.610001133260737,1.04920419157092,5.17381005364458,-0.353365831912969,-7.26119832797469,-0.597457157111613,-1.94419539575604,-5.33297022037904,-1.23024924553335,-3.43218295456871,-3.65572245284631,1.1816702796958,0.256822346314991,4.85274040732278,-6.37444331543985,4.30091561563298,-4.23620865881782,-3021.39500169666,-2868.8984990415,1
0.436164435122442,-0.232758758048521,-2.8033304183903,0.437023620149295,1.17194037515626,1.21711931179022,0.272472732694506,-1.01785277269616,-3.95027271650517,-6.92505566674996,-5.06762281896487,-2.07690902151238,-3.5320419256032,0.189917151062381,0.972417240643288,0.284103520429978,5.45568924827545,-0.20571482520156,-6.56321175079348,-1.53705447254785,-2.66231620112517,-5.73565478413743,-1.29736333949308,-3.68050510221972,-3.42082312398725,1.03762303137365,0.672929728865326,4.45676725296037,-5.58920841611099,4.60964044784774,-3.35030261854936,-3012.6555367228,-2868.89849916182,1
0.503278529082174,0.216905671481681,-2.71608209624265,-0.200560272468155,1.17865178455223,1.02919984870297,0.462171927325379,-1.14536955121965,-4.23886332053202,-6.81096170701842,-5.24883087265614,-2.0232177463446,-3.42465937526763,0.72938560743822,1.49590717352919,0.337794795597764,4.65032012075867,-0.286251737953237,-7.08670168367939,-1.13436990878947,-2.76298734206476,-5.93028565662065,-1.96179286969442,-3.68721651161569,-3.09196406358457,0.416419272984386,0.847426373160628,4.82589476973889,-5.91806747651367,3.95863373643835,-3.74627577291178,-2955.03688488125,-2868.8984990922,1
0.838848998880831,-0.0112822479814066,-2.90400155932989,0.0947417409546638,1.16522896576029,1.28423340574995,0.400978638734775,-1.59503398074985,-4.45362842120316,-6.12639794862916,-4.64480402701856,-2.56684190741842,-3.62600165714683,0.520341580592583,1.25429643527416,0.908264594255482,5.55636038921505,-0.460748382248539,-6.71757416690086,-1.22832964033309,-1.93748398636007,-5.97055411299649,-1.6933364938555,-3.32480040423314,-3.48122580855101,1.00161121929311,1.00178878926801,5.16817664893352,-5.71672519463448,4.35460689080076,-3.93419523599903,-2959.95626529964,-2868.89849916756,1
0.939520139820429,-0.14551043590087,-3.13890088818895,0.0477618751828517,0.59475916710257,0.801011929239887,0.413217296452896,-1.5346312961861,-3.82946734737766,-6.67002210970298,-4.73876375856218,-2.68093586714997,-3.1830486370126,0.264094063814059,1.28114207285805,0.720345131168234,5.57649461740297,-0.0983322748659891,-6.71086275750489,-0.953161855098191,-2.80996720783658,-5.64840646198978,-1.42488011801657,-3.53285409550831,-2.89062178170537,0.263369071642104,0.464876037590159,4.68495517242345,-6.34759767785596,4.36802970959271,-3.49795362526077,-2974.42978223848,-2868.8984991503,1
0.785157723713046,-0.205913120464628,-2.40064585463191,-0.294520004011779,0.916906818109281,1.25738776816606,0.284711390412627,-0.923893041152539,-4.47376264939108,-6.35458586809224,-4.43003892634742,-1.99637210876071,-3.49177346922736,0.16294372824359,0.965705831247315,0.230412245262193,5.36172951673183,-0.0245067715102844,-6.54307752260556,-1.1008128618096,-2.0045980803198,-5.64169505259381,-2.16313515157362,-3.7341963773875,-2.83693050653759,0.884572830031366,0.525278722153917,4.78562631336305,-5.54893995973515,3.86467400489472,-3.77983281989165,-2971.03128448659,-2868.89849905856,1
1.07374832773989,0.223617080877654,-2.7026592774507,0.423600801357348,1.31959138186767,1.60638105675667,0.694706423969674,-1.71583934987737,-4.54758815274678,-6.07270667346137,-5.30252214782393,-1.922546605405,-3.59915601956293,0.96540305710265,1.22073938829429,1.17672097009441,4.65703153015464,-0.521151066812298,-6.77797685146462,-0.892759170534432,-2.84352425481644,-5.80276887809716,-1.9685042790904,-2.99594134383046,-3.58189694949061,1.34372343405821,0.136016977187474,5.02052564222211,-5.55565136913112,4.61635185724371,-3.51137644405272,-3077.77141169213,-2868.89849919008,1
0.62408389820969,0.250462718461546,-2.41406867342385,0.262526975853993,0.561202120122704,1.29094481514593,0.615155148801889,-1.19906082638744,-4.27242036751188,-6.34787445869627,-5.32936778540782,-2.10375465909628,-3.4313707846636,0.425934600726811,0.603289723864764,0.418331708349442,5.26105837579223,-0.756050395671358,-6.53636611320959,-1.10752427120557,-2.50795378501778,-5.28599035460723,-1.78058481600315,-3.41876013577677,-3.63558822465839,1.14565846761526,0.948097514100226,5.19502228651741,-5.44155740939958,4.46198944113633,-3.53822208163661,-3040.9039470956,-2868.89849907325,1
0.301936247202979,0.10952312114611,-2.57514249892721,0.0813189221627175,1.11824909998848,0.619803875548611,0.407097967593835,-1.54805411497804,-4.48718546818302,-6.97874694191775,-5.11460268473668,-2.45945935708285,-3.16962581822065,0.0145899027402338,1.05295415339497,0.935110231839374,4.79797112747008,0.203681147952803,-6.99274195213576,-1.2014840027492,-2.14553767763523,-5.26585612641931,-1.82085327237899,-3.79459906195126,-3.71612513741007,0.497445850165594,0.880983420140494,5.10777396436976,-5.87108761074186,4.09957333375378,-3.54493349103259,-3030.02121935641,-2868.89849903788,1
1.11401678411573,-0.179067482880735,-2.72950491503459,-0.0193522187768798,0.648450442270355,1.20369649299828,0.743661054842157,-1.05140981967603,-4.15161499838437,-6.75055902245466,-5.10117986594473,-2.51986204164661,-3.02868622090522,0.149457016834194,1.44892730775738,0.633096809020583,5.25434696639626,0.0157616848655545,-6.41556074408207,-1.08067863362168,-2.45426250985,-5.80948028749313,-1.30407474888905,-3.84157892772307,-3.10538688237652,0.425422226004521,0.203131071147206,4.60441825967178,-5.78383928859421,4.13984179012962,-3.60533617559634,-2982.26179410675,-2868.89849913402,1
0.691197992169422,0.116234530542083,-2.5281626331554,0.275949794645939,1.37328265703546,1.01577702991103,0.33366602128511,-0.823221900212942,-4.30597741449175,-6.83109593520634,-4.98708590621319,-2.46617076647883,-3.43808219405958,0.803562520189898,1.26771925406611,0.196855198282327,5.18723287243652,-0.507728248020352,-6.87193658300825,-0.859202123554566,-2.2797658655547,-5.83632592507703,-1.84769890996288,-3.24426349148146,-3.16578956694027,0.110318870299823,0.478298856382105,5.27555919926909,-6.26034935570831,4.3210498438209,-3.69929590713997,-3006.02476727613,-2868.89849947347,1
1.1207281935117,-0.118664798316977,-2.73621632443057,0.497426304713053,0.393416885223375,1.4721528688372,0.823212330009943,-1.61516820893777,-4.42678278361927,-6.2404919083607,-4.4099046981595,-2.17086875305601,-3.39110232828777,0.736128963142918,1.26100784467013,0.425043117745415,5.50266911404726,-0.709070529899546,-6.52965470381361,-1.40282628462839,-2.09184640246745,-6.12491652910387,-2.00206132607026,-3.4590285921526,-2.82350768774564,0.668501957548145,0.431318990610293,4.59099544087983,-6.24692653691636,3.81769413912291,-4.16238315546212,-3004.04091145857,-2868.89849909846,1
0.489855710290227,0.277308356045439,-2.33353176067218,-0.227405910052048,0.581336348310624,1.59295823796472,0.578439175647526,-1.34000042370287,-3.65497070308235,-6.15324358621305,-5.21527382567627,-2.38563385372715,-3.36425669070387,0.493368157773791,0.89188032789161,0.4787343929132,5.49595770465129,0.0895871882212592,-7.12697014005523,-0.617591385299533,-2.10526922125939,-5.21216485125152,-1.5926653529159,-3.25768631027341,-2.86377614412148,0.578472427346802,0.699775366449219,4.85945181671876,-5.46840304698347,4.48883507872022,-3.48453080646883,-2977.52556695199,-2868.89849906995,1
0.590526851229825,-0.407255402343823,-2.79661900899432,-0.0461978563607724,0.675296079854248,1.35805890910566,0.1806827998086,-1.72255075927334,-4.48047405878705,-6.40827714326003,-4.94010604044138,-1.85543251144527,-3.65284729473072,0.810305875894596,0.643558180240603,0.787459225127965,5.24092414760431,-0.621822207751895,-6.9591849051559,-1.26188668731296,-2.48781955682986,-5.54102391165421,-1.88125595694275,-3.51271986732039,-3.21948084210806,0.641493098487742,0.451453218798212,5.26213638047714,-5.90464465772173,4.23380152167325,-4.22949724942185,-2954.32596163565,-2868.89849902525,1
0.697909401565395,-0.0448392949612724,-3.21272639154466,0.25581556645802,0.44710816039116,1.10973676145465,0.79261568571464,-1.52120847739415,-3.95698412590115,-6.82438452581036,-4.96695167802527,-1.72791573292178,-3.29043118734817,0.385474466498623,0.724095092992281,1.00222432579911,4.99931340934928,-0.245983281577398,-6.82495671723643,-1.28202091550088,-2.85023566421241,-5.70209773715756,-1.70675931264744,-3.64694805523985,-3.39397748640336,0.5514635682864,0.988365970476065,4.99368000463822,-5.83081915436602,4.51568071630412,-4.00130932995876,-3001.81646209128,-2868.89849909611,1
0.986500005592241,0.424959362756848,-2.34695457946412,0.202124291290234,1.01086654965291,0.881548841991565,0.62739380652001,-1.48765143041428,-4.1180579514045,-6.6901563378909,-5.26896510084406,-2.20442580003587,-3.3575452813079,0.446164667840905,1.45563871715335,1.02235855398703,4.84495099324189,-0.628533617147868,-6.81824530784046,-1.4498061504002,-2.08513499307148,-5.17860780427166,-1.16984656096959,-3.26439771966938,-3.07182983539665,0.65949900452801,0.719909594637139,5.12119678316171,-5.75699365101032,4.58279481026385,-3.90734959841514,-2973.26171452311,-2868.89849915326,1
0.952942958612375,-0.50792654328342,-3.23957202912855,0.161855834914395,1.14509473757237,0.861414613803645,0.17456347094954,-1.38698028947469,-4.16503781717631,-6.22035768017278,-4.63809261762258,-1.78831841748554,-3.68640434171058,0.817049231599294,1.40865885138154,0.317660567409844,4.818105355658,-0.105043684261962,-6.63703725414918,-0.657859841675372,-2.77641016085671,-5.2927017640032,-1.82756468177496,-3.41204872638079,-3.60203117767853,0.398413366944118,0.646084091281434,4.73193503819527,-5.43484600000361,4.67675454180747,-3.32345698096547,-3035.26437386293,-2868.89849910342,1
0.315359065994925,-0.138799026504897,-2.877155921746,-0.193848863072182,1.19207460334418,1.3983273654815,0.511126558197862,-0.991007135112271,-4.3194002332837,-6.60290801574325,-4.80587785252191,-2.3722110349352,-3.34412246251595,0.742872318847616,1.03281992520705,0.928398822443401,5.50938052344323,0.0962985976172324,-6.74441980448475,-1.51020883496396,-2.36701418770235,-5.74907760292938,-1.5188398495602,-3.86171315591099,-3.40740030519531,0.731522628689084,0.766889460408951,5.3225390650409,-5.99189297986938,4.50896930690814,-3.53151067224064,-2993.73092085148,-2868.89849904236,1
0.966365777404321,-0.333429898988118,-3.27312907610842,-0.240828728843994,1.3128799724717,0.948662935951296,0.584558504506587,-1.68228230289751,-3.81604452858571,-6.32102882111238,-4.81258926191789,-2.00979492755265,-2.83405534842199,0.169687083948288,0.697249455408388,1.03578137277897,4.7442798523023,0.0560301412413935,-6.78468826086059,-1.42296051281631,-2.62204774474933,-5.42021854252669,-2.15642374217765,-3.21741785389757,-3.03827278841678,1.09164074949445,0.995077379872038,4.72522362879929,-5.72343660403045,3.99890219281418,-3.57177912861648,-2980.96710568608,-2868.89849907477,1
0.328781884786872,-0.481080905699527,-2.95098142510171,0.390043754377483,1.3867054758274,1.06946830507881,0.908882934036788,-1.22590646397133,-4.26570895811591,-6.62975365332714,-5.15487114111252,-2.50643922285467,-3.61929024775085,0.115740238310704,0.811343415139932,0.693499493584341,4.9187764965976,-0.31309737553713,-7.20079564341093,-0.724973935635103,-2.46097391924597,-5.2188762606475,-2.06246401063402,-3.49929704852844,-3.19263520452417,0.0743070582192856,0.565547178529756,5.06079409859795,-6.42142318121166,3.75058004516318,-3.96775228297889,-3101.33061259781,-2868.90069255874,0
0.342204703578818,0.398113725172956,-2.72279350563862,0.000782009411039675,1.02428936844485,1.23054213058217,0.32142736356699,-1.00442995390422,-4.3932257366394,-6.49552546540768,-5.24211946326017,-1.96281506178084,-3.12935736184481,0.870996077236878,1.42879307956946,0.290814929825952,5.03958186572511,0.103010007013206,-6.89207081119616,-1.3759806470445,-2.92406116756812,-5.50075545527837,-1.35105461466087,-3.56641114248817,-2.97115869445705,1.19967618573606,0.746755232221031,4.40978738718855,-5.86437620134589,3.96534514583432,-3.84694691385138,-2947.0937790265,-2868.89849910156,1
0.28180201901506,0.357845268797117,-2.95769283449768,0.0276276469949323,0.527645073142838,1.2976562245419,0.596797162224708,-1.57489975256194,-3.85631298496155,-6.5894851969513,-4.53071006728701,-1.93596942419695,-3.41123655647569,0.230377285290569,1.52946422050906,0.626385399624609,5.43555502008753,-0.266117509765318,-6.97931913334382,-0.758530982614969,-2.63547056354127,-6.07122525393609,-1.97521568848637,-3.29795476664925,-3.46109158036309,1.12765256157499,0.733332413429085,5.14133101134963,-5.77041646980227,4.63648608543163,-4.1422489272742,-3003.00828494108,-2868.89849932704,1
0.999922824384187,0.36455667819309,-2.50131699557151,-0.260962957031913,0.762544402001899,0.834568976219752,0.150086155513298,-0.836644719004888,-4.60127942791457,-6.88478721037412,-4.87970335587762,-2.33194257855936,-3.09580031486495,0.237120640995267,1.30798771044195,0.565982715060851,4.95904495297344,-0.413768516476727,-6.39542651589415,-1.38269205644047,-2.74956452327282,-5.82961451568105,-1.64635662808369,-3.74090778678348,-3.67585668103423,0.452431085064923,0.693063957053246,5.30911624624896,-6.17310103356065,4.22709011227727,-4.1154032896903,-2996.98265290066,-2868.89849931026,1
0.791869133109019,0.102811711750137,-2.29326330429634,-0.287808594615806,1.21892024092807,0.68020656011237,0.211279444103902,-0.876913175380727,-3.8428901661696,-6.05928385466942,-4.91997181225346,-2.60039895439829,-3.52533051620723,0.459651379250301,0.650269589636576,0.203566607678301,4.70401139592646,-0.138600731241828,-7.24777550918274,-1.08739004301765,-2.44083969105805,-5.24572189823139,-2.03561837305013,-2.92211584047475,-3.1590781575443,1.16366437365553,0.236688118127071,5.40307597779258,-5.79726210738616,3.77742568274707,-3.44426235009299,-3034.55161217231,-2868.89849906453,1
0.932808730424456,0.00214057081053964,-3.06507538483325,0.510849123504999,1.09811487180056,1.59966964736069,0.48052991390256,-0.950738678736432,-4.25899754871994,-6.85123016339426,-4.85285771829373,-2.11046606849225,-3.59244461016696,0.365244399384529,0.99926287822718,0.96866727881924,4.79125971807411,0.163412691576964,-6.42898356287402,-1.01356453966195,-2.88379271119228,-5.35981585796293,-1.56581971533201,-3.06305543779019,-3.11880970116846,0.920584642111903,0.80715791678479,5.18831087712144,-5.66303391946669,3.78413709214304,-3.4912422158648,-2943.71938285258,-2868.89849907247,1
