"b_Income_C_1","b_HH_Member_C_1","b_Caste_C_1","b_Elderly_DiffAble_C_1","b_NotPlanned_C_1","b_10k_All_C_1","b_CurrentPolicy_C_1","mu_worst_C_1","gamma_WI_Q1_C_1","gamma_HH_4_OrMore_Y_C_1","gamma_Informal_C_1","gamma_Benefit_Subsidy_Y_C_1","delta_C_1","b_Income_C_2","b_HH_Member_C_2","b_Caste_C_2","b_Elderly_DiffAble_C_2","b_NotPlanned_C_2","b_10k_All_C_2","b_CurrentPolicy_C_2","mu_worst_C_2","gamma_WI_Q1_C_2","gamma_HH_4_OrMore_Y_C_2","gamma_Informal_C_2","gamma_Benefit_Subsidy_Y_C_2","delta_C_2","b_Income_C_3","b_HH_Member_C_3","b_Caste_C_3","b_Elderly_DiffAble_C_3","b_NotPlanned_C_3","b_10k_All_C_3","b_CurrentPolicy_C_3","mu_worst_C_3","gamma_WI_Q1_C_3","gamma_HH_4_OrMore_Y_C_3","gamma_Informal_C_3","gamma_Benefit_Subsidy_Y_C_3","delta_C_3","logLike"
0.77405,-0.02375,-2.78654,0.12559,0.88893,1.11544,0,0.42178,0,0,0,0,0,-1.22912,-4.12854,-6.5059,-4.86333,-2.19976,-3.28573,0,0.51476,1.08474,0.67864,5.11433,-0.26505,-6.80965,-1.04338,-2.43374,-5.6511,-1.66738,-3.39778,-3.30582,0,0.85144,0.53573,4.90396,-5.92418,4.20694,-3.77865,-2920.75789090011
0.77405,-0.02375,-2.78654,0.12559,0.88893,1.11544,0,0.42178,0,0,0,0,0,-1.22912,-4.12854,-6.5059,-4.86333,-2.19976,-3.28573,0,0.51476,1.08474,0.67864,5.11433,-0.26505,-6.80965,-1.04338,-2.43374,-5.6511,-1.66738,-3.39778,-3.30582,0,0.85144,0.53573,4.90396,-5.92418,4.20694,-3.77865,-2920.75789090011
0.777117387297051,-0.0228455766406842,-2.77350630791528,0.0247948858781345,0.959722633778183,1.13568384957622,0,0.352328117845319,0,0,0,0,0,-1.22390693280253,-4.13749650373423,-6.50120228888034,-4.89982572317954,-2.19892245360509,-3.27288829497087,0,0.615167472928055,1.13290632645088,0.836463240442667,5.29171898532116,-0.177357237536879,-6.63236028056857,-1.03250641240167,-2.50534710447351,-5.6170116838302,-1.66163774149131,-3.32439795477034,-3.2233418581513,0,0.607866903331885,0.522762137141796,4.58122505929022,-6.11050748469827,3.94399104639521,-4.1694126196451,-2888.27865935431
0.779039853414979,-0.0174194227918216,-2.77868284775717,0.0240660025696889,0.965255646346425,1.14384416121885,0,0.404324154203488,0,0,0,0,0,-1.22691971522658,-4.13939082078847,-6.49777646579164,-4.90350721906005,-2.19844566517341,-3.26896156263737,0,0.605126351906458,1.12953596495314,0.838386751185273,5.29608549777843,-0.172650863874901,-6.62803653963196,-1.02696976887393,-2.50700125497796,-5.6216675143696,-1.65193686557209,-3.32023064695802,-3.20950700605584,0,0.639369154298199,0.522491244198773,4.53543914539502,-6.12789609604294,3.91186715545635,-4.22711015162622,-2884.36306987381
0.774320328455245,0.0269619189833184,-2.77286345931813,0.0735352323615227,0.968321953868122,1.18453144401987,0,0.329972699257099,0,0,0,0,0,-1.24997461380442,-4.15092625810754,-6.45238467366899,-4.92779008470702,-2.20261203036213,-3.24627464364762,0,0.394838224155149,1.07399203905823,0.781772413535089,5.25175098050621,-0.170334966249154,-6.67279027710026,-0.98371566262795,-2.49512234150769,-5.66811969209488,-1.5643785802152,-3.31123376425956,-3.11691141243556,0,0.956512119755383,0.524815338475427,4.22761901272596,-6.21358312506023,3.71084457219325,-4.62376122491474,-2881.88461119595
0.784951286259031,0.0352357729669547,-2.77023496241685,0.150379252517843,0.932486671617109,1.16949371714116,0,0.30674561444594,0,0,0,0,0,-1.24708873182138,-4.14519940035569,-6.45007132185228,-4.93422769483985,-2.20157388136161,-3.24268286508366,0,0.501263600553852,1.03751027669209,0.747370350227112,5.22190867446342,-0.165081340161119,-6.70284802088691,-0.979727739766389,-2.48118181320629,-5.6689225260666,-1.53220369255001,-3.31727884669835,-3.10630455927997,0,1.01667709458309,0.529690274959264,4.16205591374359,-6.19627644427776,3.68234291922743,-4.7192023250899,-2880.71886508986
0.80444714648099,0.0349595170346667,-2.76620100412939,0.206416443408202,0.900207439940762,1.13828563160035,0,0.313745245216777,0,0,0,0,0,-1.25041100893892,-4.14089660714583,-6.44271292801169,-4.93520762290196,-2.20642627142705,-3.24305923950329,0,0.489856431705246,1.01014786368899,0.742566503017163,5.22527139770437,-0.143548701635938,-6.69959032957447,-0.985199349223899,-2.4683321664692,-5.65180138966003,-1.51565679032615,-3.32350113294638,-3.11564771439763,0,1.00084738696604,0.53585096824029,4.13984180206369,-6.15588065722294,3.6846900179565,-4.76337941044773,-2879.80329439629
0.792036835693194,0.0276113562396979,-2.74542331731606,0.188827191466829,0.94473970106766,1.13107871383529,0,0.315371935515905,0,0,0,0,0,-1.2915540366398,-4.11445249787323,-6.41169003397758,-4.94920082372823,-2.19417255165216,-3.23762012453945,0,0.505751514485968,0.863550571129821,0.745991163685646,5.27224188024171,-0.0192956513250866,-6.6532090255303,-1.004533903171,-2.36643213009154,-5.57214102947401,-1.46364968634937,-3.37728703936486,-3.18467741555639,0,1.00755437435452,0.577108393877098,4.08801727677236,-5.86874542022281,3.75166143402844,-4.94000563819986,-2877.47506625262
0.802045894871146,0.0326013203062247,-2.73684330370763,0.160142252111767,0.942766302355532,1.17237042390877,0,0.324385516263899,0,0,0,0,0,-1.30809461672858,-4.10339764482154,-6.39991282301333,-4.95013622202257,-2.18632115722718,-3.22994834444079,0,0.50409563462535,0.803123538606061,0.712222100997451,5.25816463751037,-0.00157271144116557,-6.6673791441122,-1.00432403451392,-2.34571653484884,-5.5337805305873,-1.46166219637475,-3.38769416927126,-3.20047179612766,0,0.964170662356315,0.597338495217353,4.06514506554016,-5.73699995088287,3.77402146365436,-5.02613091055501,-2876.45010348434
0.896775731061087,0.0511265800971089,-2.73889534722745,0.124308595171948,0.873439072288072,1.24154676972892,0,0.321572832042743,0,0,0,0,0,-1.33160360915899,-4.0953178690524,-6.39084244050503,-4.92662793376938,-2.17143932552206,-3.21301830426312,0,0.519912930906827,0.805642447536746,0.706250506442664,5.32792754262062,-0.0339991289998458,-6.59696863373625,-0.934841993210087,-2.39152629070612,-5.52291845983595,-1.53298650028683,-3.36829070007712,-3.13983851664608,0,0.972364253444791,0.655293648901642,4.07238560173454,-5.40895708858953,3.82658077182166,-5.18650458373459,-2875.26556328444
0.866842449034744,0.0939907172524386,-2.76328707545943,0.208383125855035,1.01781855288722,1.2163533411165,0,0.341328056726369,0,0,0,0,0,-1.38673662783898,-4.08843519231488,-6.38980042700398,-4.85754545365052,-2.10170526183577,-3.18060796073192,0,0.527574378665732,0.877553615112321,0.632551980934044,5.41377654001063,-0.195284534788393,-6.50902098288099,-0.839371700298124,-2.54354045896329,-5.52672919153987,-1.67104050229461,-3.26989137491216,-2.99133941092827,0,0.916088220499729,0.773082639478843,4.11455940170694,-4.80646788173841,3.88983824312536,-5.48564930219606,-2873.87415260296
0.862172256541591,0.0928642098890445,-2.78368627609237,0.211571107645774,1.02422578171123,1.2364343919028,0,0.347529170798549,0,0,0,0,0,-1.31725576882989,-4.08417730826161,-6.38877561378272,-4.8603359668205,-2.11940888456131,-3.15608536194965,0,0.526405906457554,0.931449287766296,0.607506893220568,5.43829755085301,-0.240580595948304,-6.4828478626661,-0.924497128248657,-2.54309684921705,-5.5427258938556,-1.61528011394846,-3.22889975683603,-3.00902096891696,0,0.905946196839884,0.809584680116513,4.1631086236652,-4.72002609784366,3.86302596778524,-5.53241280481641,-2872.97128573018
0.887589293525705,0.103195733033208,-2.80775548156475,0.184359805078083,1.02845039786528,1.19074877187148,0,0.354456611816866,0,0,0,0,0,-1.27191441257109,-4.06288376757272,-6.37842180587219,-4.8904570065316,-2.09592288652526,-3.13062610420143,0,0.526772293268245,0.949355093598908,0.578639349508908,5.43452885304292,-0.232507121420659,-6.48386967982103,-0.9180614870481,-2.51107425941583,-5.54674038562671,-1.61243753984446,-3.25523341813016,-3.03113261182331,0,0.892574546460103,0.838661505213057,4.22503547388765,-4.73252246968613,3.80632389021061,-5.53709496962569,-2872.33176493257
0.776237169231307,0.0382761270157169,-2.8935919779318,0.20025240960627,0.941035585331995,1.19525423749429,0,0.385108703801335,0,0,0,0,0,-1.18651295700123,-3.98740167428232,-6.33388708960883,-5.00111637177991,-1.98754805089591,-3.02041905272714,0,0.518504678068776,0.984278336207151,0.524860858632289,5.44198945790399,-0.147498109085352,-6.46528576323509,-0.856494470503851,-2.4040972023814,-5.55687422088236,-1.6304592143549,-3.38033375851897,-3.10509102423038,0,0.837480229371379,0.94608036734849,4.47048771053323,-4.83610265459602,3.58874627253154,-5.51962341509076,-2870.93567606302
0.807226702308902,-0.019085198808565,-2.8934084718465,0.198469219970329,0.944009417085475,1.19292716410568,0,0.387824017117055,0,0,0,0,0,-1.22113253188432,-3.97864803242538,-6.32845850040205,-4.98177248671732,-1.94531648061539,-3.00988085465654,0,0.52069843073692,0.940959487845205,0.556744053776462,5.42464498447652,-0.129194677686104,-6.47949394881882,-0.884432584664272,-2.43364403128535,-5.57087575684397,-1.61776101938548,-3.3671183332556,-3.13313581785959,0,0.839339987477811,0.975278519611415,4.51160151536377,-4.88296955990473,3.56020740576206,-5.50272030769454,-2870.63117457766
0.801500001001957,0.0436562550786096,-2.88131059136931,0.180923634247599,0.913607290541097,1.17781445259563,0,0.393577125960975,0,0,0,0,0,-1.2789795997065,-3.9559702669437,-6.32681197754553,-4.91997301194831,-1.91944621351987,-3.01207006874386,0,0.526934045622991,0.854978631586889,0.638124410480207,5.39660677360133,-0.100626478405508,-6.50266813212995,-0.948256857184358,-2.49167578229902,-5.59040117484043,-1.60655290801251,-3.34351820655741,-3.1753321791355,0,0.844548029555017,1.02367756889509,4.55709709504168,-4.96356290720847,3.54001579642036,-5.46942755166531,-2870.34900804491
0.812506842470938,0.05041125445752,-2.85938955684029,0.191682078010634,0.931212042550672,1.18975233071474,0,0.397423462149671,0,0,0,0,0,-1.25251576011961,-3.95274179121,-6.32712542213801,-4.8706518393457,-1.96072494791434,-3.0261456630056,0,0.528422093091778,0.822801277500782,0.68368605594151,5.37887584703526,-0.0912418484229035,-6.51822827065751,-0.964834946082381,-2.50376327113002,-5.5864791896485,-1.62659222473395,-3.365912482099,-3.18403066638569,0,0.847047239521383,1.05002312478122,4.55349056276971,-5.00510304440917,3.55297364636542,-5.45344908200264,-2870.12851380022
0.821644205939806,0.0559530113400632,-2.83499798835698,0.196653165279697,0.936374557979483,1.19650115442245,0,0.400191069850584,0,0,0,0,0,-1.26285726566988,-3.95778529985063,-6.31915003254488,-4.84509963997175,-1.96442835704951,-3.03794265034781,0,0.531105592385138,0.847708170128083,0.695153842942043,5.37238421901267,-0.0992014422898178,-6.52308464078992,-0.975016666907748,-2.49017111650731,-5.57527606893713,-1.63020349966738,-3.38301991546112,-3.20789808720096,0,0.847999252951522,1.0690774777648,4.52887571299974,-5.03093820267714,3.57758504501732,-5.44440024306045,-2870.01678815597
0.810198127839188,0.038952666285832,-2.74510200279393,0.164356211702314,0.925827055204022,1.17129814323093,0,0.414427317484148,0,0,0,0,0,-1.22429040972719,-3.97692503566251,-6.23101037564097,-4.82063576727512,-2.00097874700144,-3.04484670669848,0,0.541147199142283,0.926978450368444,0.642605662782536,5.35283776948689,-0.0192819772559862,-6.53342316817223,-0.995344470696792,-2.53809727766991,-5.56737648704582,-1.60583143289216,-3.37930226348342,-3.22975711018266,0,0.853142497993979,1.17316896956226,4.38611912457271,-5.11340690578371,3.72998979455346,-5.37588824492247,-2869.86540468736
0.828652185873982,0.0373701608637533,-2.77437618989953,0.168813823259128,0.935762026894948,1.17504614351604,0,0.413211768719466,0,0,0,0,0,-1.21304897700399,-3.93361262988067,-6.1717783538268,-4.84051866529928,-2.00256511682109,-3.03469801896679,0,0.543594255309813,0.909512914617404,0.638776394716336,5.36054563148365,-0.0514089381898459,-6.51747171041146,-1.05044260230234,-2.47220180322673,-5.57269757257686,-1.61582178986456,-3.37296200963383,-3.17244590246609,0,0.84402458085219,1.26632101294198,4.29312424037969,-5.14969203938847,3.79236176604999,-5.3153269341688,-2869.7955308494
0.834477912775125,0.0415980810221545,-2.79017576286898,0.174167025883497,0.942509467401053,1.181361688939,0,0.411407406831469,0,0,0,0,0,-1.20248970625719,-3.92557004975526,-6.16271681579109,-4.8376351349136,-2.00287341701789,-3.02889321013122,0,0.543668960611527,0.898820941065983,0.642140372080362,5.36503350402023,-0.0683229723904322,-6.51049345531862,-1.03531230181038,-2.46146253767286,-5.568930991954,-1.6022718924836,-3.36380126163674,-3.18274294023389,0,0.841769929772113,1.29366785945219,4.27384108210915,-5.15435439918534,3.79675080634831,-5.29957559846564,-2869.74466912819
0.853084186339619,0.0581598733623933,-2.81398104816622,0.182125743602601,0.957693214102516,1.19798671899089,0,0.405576080698759,0,0,0,0,0,-1.18576790359961,-3.93665348441476,-6.17471895291567,-4.76450537729959,-1.97864260544343,-3.00152833641072,0,0.543742235058569,0.892192829350743,0.638915935605022,5.3729304752751,-0.0792006820927006,-6.49419043244303,-1.01897280547566,-2.45294841766895,-5.53132305616983,-1.53332767103541,-3.41282374022584,-3.15814646797135,0,0.836982162055905,1.38134361796879,4.26335514985413,-5.13748939192478,3.73696638895409,-5.26000717398005,-2869.73645331787
0.870575519463836,0.0703345226266159,-2.80483307871519,0.200027038167014,0.9718264340502,1.21627347796081,0,0.401202148507258,0,0,0,0,0,-1.16846719076268,-3.92158177427653,-6.19718023721119,-4.68065509438701,-1.96590793236603,-2.98728260289605,0,0.544537030912102,0.905273891044745,0.625122767073574,5.36903228900051,-0.0417853120317179,-6.4875236941757,-1.01387923549501,-2.40935654231026,-5.50065628770014,-1.55855175770186,-3.37564999118837,-3.18276384627168,0,0.851745298088247,1.48498527609601,4.2736670105408,-5.10422641634587,3.62588022409179,-5.23226693280389,-2869.68790918436
0.872462183892397,0.0695445348243262,-2.7798537358436,0.20544784150443,0.977918219572124,1.2207315962898,0,0.40388812351623,0,0,0,0,0,-1.17758591712509,-3.87232467257837,-6.16570440125269,-4.70346401038856,-1.98197930538522,-3.00545624778085,0,0.547233461171422,0.917996398271706,0.645725153271025,5.35826571642152,-0.0526189096766783,-6.49263812774638,-1.00864942038357,-2.43203485259963,-5.48876765659149,-1.5607694258532,-3.38478093767771,-3.20254305699875,0,0.858957595982014,1.52596691075381,4.28458651792811,-5.08843634927954,3.58522421977549,-5.22707996345788,-2869.65910196223
0.860714927820838,0.0667450940179267,-2.7697279937218,0.202224953578202,0.970446193107522,1.21012345796906,0,0.407067854743624,0,0,0,0,0,-1.17265792089281,-3.90808677626284,-6.10404771139372,-4.73017272700148,-1.98049706751871,-2.9966205365245,0,0.552351927289335,0.909952984200305,0.677900651896924,5.34628742681769,-0.0804943808752515,-6.49853523631468,-1.00909704291755,-2.44525664564741,-5.49544031314993,-1.58548744128818,-3.38978280944026,-3.22620221290079,0,0.860863181914619,1.55402285432317,4.28373829809468,-5.08242762527953,3.57788930485328,-5.2279859762389,-2869.63278057939
0.850954310805545,0.0580487212195575,-2.79981506488161,0.194447920378805,0.961950645568464,1.20275585187091,0,0.406145218402989,0,0,0,0,0,-1.17470242738446,-3.90109301775883,-6.09827847348914,-4.72126988142819,-1.97902129842718,-3.00445948039707,0,0.552027498742284,0.914220361752732,0.681843764982519,5.33904296618073,-0.0800892973932155,-6.50120313366607,-1.00321613661245,-2.44719402998701,-5.52132644317656,-1.58809458516702,-3.39149815214122,-3.23168840042776,0,0.853410702291206,1.56078649619757,4.26602101763337,-5.08781930795434,3.6062005101923,-5.23085773627151,-2869.61344076938
0.859346210495282,0.0685251155252044,-2.80288235524916,0.204188930555156,0.971523493266411,1.21399789490571,0,0.404793112523507,0,0,0,0,0,-1.18259011307522,-3.89483281767415,-6.10063463752786,-4.72536617368134,-1.97846121923308,-2.98221831954896,0,0.551842375682098,0.914284206440971,0.673475002919533,5.34042648380079,-0.0694555693268965,-6.49434606006975,-0.998976046543513,-2.44889596809388,-5.54683427418226,-1.58519030607609,-3.39180088034052,-3.23062478977809,0,0.845722805639411,1.56689307048969,4.25293799971196,-5.09814584001721,3.63227190784421,-5.22452334919066,-2869.60744328
0.860267801642135,0.0705237295392121,-2.80059939658355,0.206015812848261,0.972607896367907,1.21653505646043,0,0.404906978356612,0,0,0,0,0,-1.17999461671497,-3.89309555382063,-6.10054929257044,-4.72523215896227,-1.97293899761618,-2.98397561346886,0,0.551513645351399,0.912325680045494,0.67049783328948,5.34185403483722,-0.0685610848204965,-6.49135001193863,-0.998383482597822,-2.44905029915892,-5.55163746039794,-1.58436339631739,-3.39171124399498,-3.2296590433751,0,0.844425730606942,1.56906024314283,4.25007544637284,-5.10045750032605,3.63672935628757,-5.22257715504565,-2869.60525177354
0.855900391417602,0.0664553192760103,-2.79032204503312,0.201989176641042,0.968343663838756,1.21226409032049,0,0.406162760514896,0,0,0,0,0,-1.17624526187511,-3.88192890065408,-6.09888623913371,-4.71398455201287,-1.96763197960091,-2.97714437994735,0,0.551860259242887,0.905806270029867,0.661303992083849,5.34534799175882,-0.0760039758004805,-6.48115391202145,-0.996395674278005,-2.44610478092978,-5.55964658293741,-1.58269006885035,-3.39209317866783,-3.22726544978499,0,0.842552641831375,1.580716177152,4.24077240348135,-5.10576441413433,3.64232687792911,-5.21572242568824,-2869.60266729962
0.857085768177739,0.0677615225792429,-2.81850245800011,0.202164575361072,0.969120035023887,1.21697621865735,0,0.403174132513295,0,0,0,0,0,-1.17127763875643,-3.86198293774303,-6.03766997647023,-4.66890420853758,-1.95425599725924,-2.98308059774802,0,0.557246311141339,0.912625075514276,0.63980725880233,5.33663720121096,-0.0631963384536203,-6.45486506278214,-0.999021404280794,-2.44530957323251,-5.57310614325044,-1.57955355039292,-3.39665552180284,-3.22294007930075,0,0.837085102546126,1.64108947948273,4.21428143598736,-5.11253097349094,3.63288892131085,-5.18112455556748,-2869.59976969042
0.855648850353031,0.0698898977067528,-2.81437216317112,0.205531131795377,0.968257012296032,1.2179666227693,0,0.403295624230466,0,0,0,0,0,-1.15085094147992,-3.84643809580952,-6.03861162547591,-4.66913615856548,-1.92891936032335,-2.95758224262648,0,0.555658828958757,0.925461052171952,0.669804087294273,5.31501441704414,-0.0604203595851319,-6.46115652566482,-1.00031900116314,-2.44832899005183,-5.57373080303541,-1.58277315819042,-3.3992583703729,-3.2266070869592,0,0.838501724273814,1.64347302807921,4.20683972914748,-5.10375076461683,3.63022633787499,-5.1805956100166,-2869.59833319773
0.858977762082299,0.0722814367211493,-2.79810528812803,0.207617405784443,0.972832292423322,1.22059937782973,0,0.404866410285899,0,0,0,0,0,-1.16430101680682,-3.85167893523676,-6.02518395810328,-4.66361047941564,-1.9461875632373,-2.9608894791785,0,0.558332375974837,0.916586197571147,0.659269028142348,5.31697173211064,-0.067042559222076,-6.44840133506636,-0.992992421337515,-2.44202895178869,-5.58495036155955,-1.57917076272862,-3.39686745040515,-3.22660408893973,0,0.835300999704454,1.62979428063274,4.21868737030801,-5.10312746043322,3.62163962909405,-5.18445143538495,-2869.59646897935
0.85931515759403,0.0723835246270551,-2.80127891940353,0.207995989492571,0.97303082231042,1.22086567431831,0,0.404401458635338,0,0,0,0,0,-1.16415242989804,-3.85020662292973,-6.02333186742919,-4.66196583001663,-1.94573111586147,-2.95998464045635,0,0.558642085881501,0.915517050760041,0.655074395041758,5.31734582957238,-0.0676004247661977,-6.44386794128633,-0.995572680891523,-2.44540553644887,-5.58258794866776,-1.58223502605598,-3.39912566005695,-3.229475956451,0,0.836500788237065,1.6311865157794,4.21766034885543,-5.10446605061609,3.62187206272374,-5.18400321071778,-2869.59585492585
0.859056024659048,0.0722680338745879,-2.81315972506797,0.207864818398487,0.972221316542657,1.22154290363415,0,0.40307750572973,0,0,0,0,0,-1.15722616424053,-3.83848684030045,-6.00230145905666,-4.64607067495379,-1.93576667681435,-2.95524538384545,0,0.560389615681762,0.920686545016378,0.652482869367644,5.30117562889036,-0.0626496232187803,-6.42627892072103,-0.999195200844236,-2.44721776766404,-5.58189604266068,-1.58304315112882,-3.4010324729428,-3.22919088206414,0,0.836138436246822,1.64544147469359,4.20797454452387,-5.10715580277362,3.62253051833512,-5.17468782249826,-2869.59498707056
0.859787011897513,0.0731438499924822,-2.81187444752787,0.209059591801755,0.97319643561582,1.22248925134973,0,0.40308914616776,0,0,0,0,0,-1.15682868505866,-3.83604970274645,-5.99753352067045,-4.64318248791597,-1.93524488454755,-2.95182188304457,0,0.561068559603512,0.919889077765753,0.651315615853334,5.29199154556264,-0.0640250087603745,-6.41428924364607,-0.999648795694448,-2.4485720637206,-5.58299015537475,-1.58477562094231,-3.40253994110994,-3.2316485565529,0,0.836425905806095,1.64270501517479,4.20939585511495,-5.10674729960222,3.62119695064601,-5.17634586364559,-2869.59461743363
0.860804650149918,0.0743844532882868,-2.81098792428545,0.210582740279626,0.974523223061216,1.22398387704211,0,0.403042454761891,0,0,0,0,0,-1.15558516210458,-3.83072682194106,-5.98508246605673,-4.63533005748397,-1.93357036669853,-2.94679701626953,0,0.56262041835117,0.919919218462605,0.649898438189794,5.26362173417966,-0.0648215452310659,-6.38265973846008,-0.999602245190544,-2.44888364842038,-5.58515466647371,-1.5856686115945,-3.40359081656379,-3.23338165661065,0,0.836158385387345,1.64042667414994,4.21105753994278,-5.10684793943215,3.6199934263405,-5.17789776689647,-2869.59414721003
0.862233814444924,0.0761979412518975,-2.81088065236084,0.212737890508437,0.976382281561061,1.22626391535056,0,0.402862811612772,0,0,0,0,0,-1.15293272598766,-3.82158211099708,-5.96356266199687,-4.62154083486431,-1.93006756268977,-2.93913223426546,0,0.56526931979458,0.920791805842291,0.647927349738336,5.1920062458111,-0.0652079434579893,-6.30675012410897,-0.999392364598484,-2.44866119696618,-5.58783874123155,-1.5862689176503,-3.40459442393115,-3.23488389184311,0,0.835636392648443,1.63845488375896,4.21403885133376,-5.1077307279245,3.61955968466505,-5.1810794586146,-2869.59329346268
0.864829530153277,0.0795598055364958,-2.81177230882392,0.216629095850947,0.97981476938788,1.2305518445397,0,0.402420386175856,0,0,0,0,0,-1.14772525605762,-3.80426042808202,-5.92161968115501,-4.59465653007763,-1.92343525370903,-2.92532876220052,0,0.570540045612555,0.922887395263732,0.643988567984568,4.98844685638064,-0.0653229698880792,-6.09539164572972,-0.998746900513172,-2.447419172534,-5.59110410470001,-1.58659554486992,-3.40560496381784,-3.23629724658565,0,0.834846544929346,1.636344732247,4.2217401870226,-5.11087854955903,3.62137140943208,-5.18992314693789,-2869.5910373791
0.87547954480873,0.0936555533092119,-2.81742549258567,0.232722977589052,0.99428205570589,1.24850875532543,0,0.400363451023803,0,0,0,0,0,-1.12622431058829,-3.73425685944307,-5.74893578570524,-4.48392590123712,-1.89716097534978,-2.87001175143814,0,0.592696268113453,0.931814125905604,0.626598858755449,3.93060486020735,-0.0652005748321589,-5.00492825007972,-0.995999762267173,-2.44118829418285,-5.60082062890118,-1.58724914225007,-3.40927228157101,-3.24036535767829,0,0.832390106114272,1.63186101317638,4.25947035391223,-5.12661862099395,3.63460759723699,-5.23530962750923,-2869.57206836361
0.87473207113111,0.0941798733668052,-2.81819856672016,0.232126512773735,0.994340878185222,1.24827534260517,0,0.400861966897718,0,0,0,0,0,-1.12540941061146,-3.73455440245374,-5.74895855945257,-4.48373675544298,-1.8967407305899,-2.87194467869994,0,0.58537523594185,0.931615008411556,0.625736675968062,3.92998505412,-0.0643629847815082,-5.00508219115294,-0.997010243622652,-2.44073212438225,-5.60077611095452,-1.5868509363658,-3.41051736526582,-3.23958719764943,0,0.833862534380696,1.63219980722875,4.25983685844917,-5.12604856426679,3.63552592858928,-5.23461983762357,-2869.57034102151
0.873894958972501,0.0944114270956762,-2.81932634902151,0.231572453533821,0.99437624466437,1.24820796098504,0,0.403047446544418,0,0,0,0,0,-1.12384608333782,-3.73461384407589,-5.75025739775212,-4.48389109289756,-1.8956168730918,-2.87404601623023,0,0.584830701814292,0.931658434755948,0.62568478535238,3.93021702531169,-0.0627108751220874,-5.0042534144786,-0.998227078889848,-2.44040227011867,-5.60061305279101,-1.58642050063688,-3.41179936875544,-3.23864392048054,0,0.834893663466433,1.63259031489779,4.26007384956005,-5.12546969110097,3.63649504120411,-5.23399266692113,-2869.56993371506
0.871475445771085,0.0947083795180152,-2.82157820649396,0.230238559499238,0.994187894383306,1.24795640657098,0,0.401638192961938,0,0,0,0,0,-1.11946908280356,-3.73469969435346,-5.75392031134903,-4.48451068125447,-1.89245737533687,-2.8795857384014,0,0.584509674380575,0.931802817749599,0.625393051425942,3.93056328801579,-0.0584047216536461,-5.00225352533347,-1.00143721875672,-2.43968669194711,-5.59998153727149,-1.58534665380819,-3.41507591283385,-3.23620758794459,0,0.836735651875267,1.63364975855472,4.26050928252383,-5.12397330611026,3.63898783869833,-5.2325126652223,-2869.56765775536
0.870988102783175,0.0944498787886293,-2.823048823019,0.230111847310728,0.993518321486684,1.24841109175838,0,0.401537193185888,0,0,0,0,0,-1.11721532167244,-3.73482950435864,-5.75648548737257,-4.48494201269206,-1.89052643981489,-2.88209415019824,0,0.584472472837323,0.931619521354278,0.623519838198237,3.92869473389216,-0.0570090697411851,-5.00296210510558,-1.00298232713235,-2.43979998787215,-5.5991568773742,-1.58495267155684,-3.41637798487788,-3.23506823857033,0,0.8354612911286,1.63434238150539,4.2602824144411,-5.1231958211231,3.64025424687472,-5.23210883876996,-2869.56622033675
0.871589262990813,0.093825639488929,-2.82382512348145,0.229954753634161,0.993119610311511,1.24834569902679,0,0.401477272321232,0,0,0,0,0,-1.11688558800463,-3.73516335086589,-5.75801898759389,-4.48540975820737,-1.88994353187579,-2.88243685034581,0,0.584007787059515,0.932057738248665,0.623503947998051,3.92850906258928,-0.0562107712787232,-5.00236776471982,-1.00297834779959,-2.440124294773,-5.59873434650083,-1.58501710216755,-3.41636401181791,-3.23495422840998,0,0.834679268787801,1.63475592549567,4.25973549709101,-5.12287301447314,3.64075785587157,-5.23229520886763,-2869.56573205874
0.872514268691612,0.0913250310866988,-2.8304616138665,0.229712232385171,0.991812487357444,1.24822770136039,0,0.400470979163547,0,0,0,0,0,-1.11737824629054,-3.73793972261178,-5.77250238308976,-4.49021603535753,-1.88569250142935,-2.88181536405414,0,0.582141636976326,0.935698682676503,0.621546578319104,3.92359223081644,-0.0523970722258933,-4.99997592708707,-1.0005905937343,-2.44176870830117,-5.5970130555286,-1.58561351829619,-3.4149781748166,-3.23535676930656,0,0.837552482545689,1.63865072646968,4.25436172699214,-5.12016511585742,3.64503159921184,-5.23438973991058,-2869.56343414994
0.866443545849333,0.0961301138858044,-2.84000455744667,0.228941733919937,0.991388155949219,1.24627474943234,0,0.398906749692186,0,0,0,0,0,-1.11956546658361,-3.74182461538963,-5.79629019556661,-4.49996325791302,-1.88319395937539,-2.87880665779374,0,0.579420826423823,0.940802002569754,0.621448597888139,3.91622294134325,-0.0482347399482292,-4.99441099062935,-0.999509909706275,-2.44359656865812,-5.59240910909218,-1.5866319939508,-3.41193192017636,-3.23676118988401,0,0.834249241124158,1.64549173250914,4.24664443668153,-5.11566229460041,3.65183087133038,-5.2369633371889,-2869.5632494201
0.867148769493707,0.0957191123540131,-2.83983224463765,0.229063421667873,0.991104092030621,1.24640998261728,0,0.398464459297141,0,0,0,0,0,-1.11928747142855,-3.74187618939486,-5.796576610744,-4.50023132368629,-1.88340489903087,-2.87865580595672,0,0.580584170840498,0.940705093751024,0.6215503058887,3.91602151084781,-0.0484742818793109,-4.99443073091633,-0.999621180922764,-2.44361627151391,-5.59226204036618,-1.58662241282911,-3.41186821853726,-3.23676634482777,0,0.833689911001364,1.64558166661334,4.2466804329005,-5.1156450058753,3.65184213944109,-5.23690311567723,-2869.56255018189
0.867270372368916,0.0957135439681562,-2.83980784677806,0.229099148486358,0.991078509060819,1.24643626564408,0,0.398678251968713,0,0,0,0,0,-1.11928031648513,-3.74192228476383,-5.79669096120214,-4.50036301684383,-1.8835490408001,-2.87856375305924,0,0.580621945874745,0.940656892250947,0.621587232774107,3.91589117303911,-0.048615540291698,-4.99444503116303,-0.999676912236593,-2.44362038480009,-5.59217668432166,-1.58662543943713,-3.41182131329184,-3.23678241401646,0,0.833385806355339,1.64563876396987,4.24668515570171,-5.11562715671709,3.65185523697049,-5.23688164164009,-2869.56244158268
0.868195785208638,0.0955373283712082,-2.83930348292589,0.229314621707606,0.991003715416577,1.24654623004593,0,0.398279709987136,0,0,0,0,0,-1.11929048262695,-3.74243041787244,-5.79747341885568,-4.50156352660575,-1.88489702936019,-2.87789718414258,0,0.579503838536961,0.940218757449283,0.622025294006985,3.91480159798185,-0.0498726175961662,-4.99446393809611,-1.00008484145952,-2.44347226977897,-5.59163016067877,-1.58658359441964,-3.41155744473255,-3.23687868743841,0,0.831892346280106,1.64617470399727,4.24681060834055,-5.11542526137455,3.65203501955197,-5.23658892837696,-2869.56234009244
0.868650222541143,0.0960977823818646,-2.83744543060215,0.22961773502338,0.992697901490406,1.2463936475231,0,0.398443667305853,0,0,0,0,0,-1.12012528328128,-3.74462471213798,-5.80186143863999,-4.50727165927866,-1.88978557624793,-2.8755261862468,0,0.579209035967963,0.938990406309611,0.626465483637562,3.9126954722589,-0.0536869631629038,-4.9916264664101,-1.00112690358995,-2.44210324699044,-5.59050112185257,-1.58615379733044,-3.41080652728631,-3.23706139885045,0,0.832056799077575,1.64861424353598,4.24730145094245,-5.11445444020317,3.65298025683548,-5.23524452705166,-2869.56148845921
0.868268240853516,0.0966126748629015,-2.83671035762304,0.229989792334515,0.993172531679605,1.24662551740962,0,0.398448606193568,0,0,0,0,0,-1.12061933107831,-3.7455644607527,-5.80385447685222,-4.50956542016044,-1.89094226307094,-2.8751461824871,0,0.57943371911951,0.938234165336979,0.627205501665374,3.91074182024836,-0.0554251830913123,-4.99142387498986,-1.00119968349827,-2.44172602573055,-5.59013587180239,-1.58597230775315,-3.41055157552027,-3.23692618445264,0,0.832638071389426,1.64962796069983,4.24727538816389,-5.11410322452526,3.65324386577392,-5.23491461696217,-2869.56109357921
0.86982498833049,0.0988230396053142,-2.82536625776111,0.231574725790073,0.989768832684261,1.24649094938527,0,0.399740125162503,0,0,0,0,0,-1.12916258052603,-3.7657181162088,-5.83772053489707,-4.54573516779234,-1.89234409001904,-2.89009576439979,0,0.576086459764825,0.929177245293411,0.642856556599059,3.88778472441101,-0.066843407008296,-4.97591841741681,-0.993612553594223,-2.44425193346024,-5.58249649339281,-1.58461547702336,-3.40690816562386,-3.22909359926974,0,0.833687227244091,1.66583400362201,4.24131755649175,-5.10945413294061,3.65412952963709,-5.23509446026421,-2869.55922118039
0.868818492914651,0.0956464537263489,-2.82126744955599,0.229797572858075,0.992652589653229,1.24342194799041,0,0.400283715030277,0,0,0,0,0,-1.13036796517349,-3.77495952023045,-5.85574946848601,-4.55986017005086,-1.89443511421319,-2.89832255700488,0,0.574673057834531,0.925858668956328,0.646353062517065,3.87560013159456,-0.0668422517712101,-4.96949560470654,-0.993247900882602,-2.44378031190121,-5.57848999543047,-1.58300385912735,-3.40493719224987,-3.22702592111289,0,0.833338222744079,1.67328004715799,4.24004776907116,-5.10669813564218,3.65556478079591,-5.23362674416509,-2869.55733144965
0.864458948037616,0.0923473725713016,-2.81387103390241,0.224541594994648,0.986165976510524,1.24009371327119,0,0.40149573097367,0,0,0,0,0,-1.13211645217529,-3.79511703200932,-5.89924430834455,-4.58855044907692,-1.90531021564858,-2.91530971685203,0,0.571041149410486,0.921552431726672,0.651621484244803,3.84824668674582,-0.0619419185837253,-4.95398670600664,-0.994485978329533,-2.44053667457665,-5.56963339978316,-1.57884611673856,-3.40065203845646,-3.22351013370699,0,0.834695148711341,1.68971735863677,4.23824397837106,-5.10025268261236,3.65937022237566,-5.22932971189217,-2869.552694745
0.864780646928505,0.0886069168121572,-2.81150546070751,0.221115923594579,0.983687534405528,1.23513748397469,0,0.40185396626417,0,0,0,0,0,-1.13886966565851,-3.808669021106,-5.92865714515622,-4.60350150238555,-1.91445294018917,-2.92211841257475,0,0.569101664534623,0.92482163368374,0.652346034701609,3.83032388241099,-0.0595278781025364,-4.94378396078346,-0.992770480843762,-2.43829359560866,-5.56449298435138,-1.57746231219939,-3.39864328286595,-3.22050365541042,0,0.836670787329967,1.69847310954524,4.23390982215186,-5.09869758265003,3.65818152381685,-5.23086321952494,-2869.54915886201
0.86182715182101,0.0830768552550811,-2.81178906976171,0.22093327605918,0.983150732080279,1.23768746546521,0,0.401900265012601,0,0,0,0,0,-1.1432553776367,-3.816734180861,-5.9423803284428,-4.60990366886067,-1.92014598800755,-2.92797348880835,0,0.568135988240063,0.927326322358535,0.652883092782767,3.821550726316,-0.0601719006907988,-4.9367826853214,-0.992381577351032,-2.43685011904843,-5.56210121515731,-1.57753916846204,-3.39874069500936,-3.21949331763371,0,0.83657696989329,1.70116336607886,4.23362624171605,-5.10004605970467,3.65619016350363,-5.23101858576196,-2869.54893874497
0.861218877296088,0.0812879576260906,-2.82049772237647,0.214670438922817,0.982435378645259,1.23209193209932,0,0.400836949193157,0,0,0,0,0,-1.15744155492379,-3.85007078420286,-5.99221612490014,-4.63263744897912,-1.94826467011862,-2.96753869605015,0,0.567678008390748,0.935445266349727,0.651263304408613,3.78260228570937,-0.0710883654759672,-4.90382005946691,-0.992652297019693,-2.4291181461429,-5.55535630192748,-1.58006805407252,-3.40241162496546,-3.22107713335042,0,0.837003065347122,1.7043223179757,4.2440060609247,-5.1141365764811,3.64434327710801,-5.22572961346229,-2869.54879951129
0.858007147729565,0.0751164272324376,-2.82927236674234,0.207968709751056,0.978909643440034,1.22263834891049,0,0.4001401890464,0,0,0,0,0,-1.17448127108113,-3.88410088658826,-6.02963916143504,-4.66318555937377,-1.98340736909935,-2.99495268440525,0,0.5679868279394,0.920425970299337,0.646324021714441,3.74021554874608,-0.0665307804310846,-4.86772421246188,-0.994716923377575,-2.43532977965911,-5.55720904443268,-1.57561596794409,-3.39861845947563,-3.22341496704904,0,0.83979659175662,1.69969681383893,4.25157632048816,-5.13691063243341,3.62728727795093,-5.22868735112348,-2869.54517606221
0.857453716024279,0.073332838349664,-2.82854018559352,0.204612555851794,0.977379508914691,1.22086489271475,0,0.40025425605289,0,0,0,0,0,-1.17952165656705,-3.8867886389361,-6.03357514989849,-4.66741682497292,-1.98573471009712,-2.99661676945802,0,0.568184633851768,0.917329394248184,0.64507940141579,3.73393034163063,-0.0656844298111668,-4.8620690410783,-0.995449567247296,-2.4343184187755,-5.55820436446071,-1.57796898579729,-3.3996505513175,-3.22337328842465,0,0.839613040435603,1.69771623324843,4.2533624934633,-5.1395635654917,3.62801936745789,-5.22854638674725,-2869.54398292311
0.855915598397518,0.0709705428071966,-2.82593148012722,0.207155116835856,0.97492933690671,1.21627520628944,0,0.400776998981561,0,0,0,0,0,-1.1824605970928,-3.88771004318795,-6.03644380427025,-4.67014469356231,-1.98717339553687,-2.99740617540005,0,0.567989559609826,0.91490370892882,0.64365558846288,3.72806699493165,-0.0652564310677182,-4.85540771067499,-0.996207338211907,-2.43302193290616,-5.56017859032922,-1.57991219141447,-3.4016521136225,-3.22375920588703,0,0.839285851496132,1.69437836146458,4.25419234462014,-5.14125216472511,3.63159164074561,-5.22983852673563,-2869.54349472548
0.851349586949317,0.0671405226846422,-2.80481183044122,0.201644995021291,0.970942823086152,1.21059582147833,0,0.403918188054078,0,0,0,0,0,-1.17550386324486,-3.88428549616413,-6.04299711566953,-4.67594400014682,-1.98872758609467,-2.99481005598775,0,0.565373948754151,0.91013478391012,0.636914772692513,3.70286984954528,-0.0685009351497507,-4.82316334638984,-0.998036273166836,-2.43021483435598,-5.57449899182988,-1.58259566967974,-3.41197457121334,-3.22937405254707,0,0.83758897241683,1.67247731908433,4.2456713503555,-5.14581059088021,3.65582148101561,-5.25212604394849,-2869.54030009813
0.85206864985821,0.0673922629683491,-2.80309683767094,0.201610052416752,0.970933868526367,1.21111760176536,0,0.40401557187994,0,0,0,0,0,-1.17605384147787,-3.88426289247313,-6.04369685279562,-4.67489874196083,-1.98641004984254,-2.99279227358398,0,0.564907885349769,0.91094225515685,0.63709072719372,3.69808973707209,-0.0685375423202052,-4.81819556825086,-0.99860277603048,-2.43242586204402,-5.57802437090337,-1.58138954382289,-3.41099276706178,-3.23174215148251,0,0.837439962956766,1.66884456885921,4.24687711021196,-5.14472093084218,3.66113060606549,-5.25430690473586,-2869.53911308609
0.8588875872005,0.0753938868229951,-2.8066823109328,0.207596039354563,0.977956047237965,1.22009767386084,0,0.402641935549672,0,0,0,0,0,-1.1720971733173,-3.88096113865754,-6.04346160699228,-4.67021334879223,-1.97855841013825,-2.98048345380701,0,0.562662630524858,0.913091839982452,0.643839226640416,3.6714414361114,-0.0579918431431395,-4.79784858154935,-0.998488412685713,-2.43978164759939,-5.5929463541915,-1.58485065402778,-3.41772218435075,-3.22393034875081,0,0.83490587219237,1.65326908997615,4.25803964296088,-5.13472019392819,3.67818002841063,-5.26493386310194,-2869.53815090425
0.864268468102551,0.0785496693497337,-2.81425127398038,0.212363733407422,0.980207273441915,1.22603550750942,0,0.401590996030427,0,0,0,0,0,-1.17223445657262,-3.87337026421757,-6.03956632025835,-4.67225539208051,-1.96858694614669,-2.97562989279757,0,0.561004475182863,0.913420726055373,0.651699418066619,3.64558241224509,-0.0513024863011043,-4.77817483930571,-1.00071923010586,-2.42952976191395,-5.59888524066434,-1.58297150209516,-3.4164591650887,-3.2301643843123,0,0.833612475184164,1.6429126272422,4.26641009393532,-5.12612950487029,3.67861194800544,-5.27912168420445,-2869.53706391532
0.859912340537977,0.0739305123978336,-2.81869011273427,0.207787979429041,0.975864389648934,1.22178606167787,0,0.401791013765681,0,0,0,0,0,-1.16918960341983,-3.87131004643833,-6.03545518416229,-4.67181452879276,-1.96487096022917,-2.97155128192462,0,0.56109315129675,0.914116963041108,0.657385812146012,3.61454477663972,-0.0558636238544528,-4.75145274416535,-0.992703209115216,-2.42846832643903,-5.59977245376684,-1.57930874660447,-3.41693159804657,-3.23325190973553,0,0.832624793614181,1.63594503302722,4.28168853930842,-5.11641355521251,3.67226178278003,-5.28828159236486,-2869.53380018265
0.858494832310755,0.072800009578051,-2.81796676495973,0.206248427874299,0.974298849978795,1.22002430147316,0,0.402031926799809,0,0,0,0,0,-1.169525061327,-3.87288468947804,-6.03394425320553,-4.67209969873459,-1.96438351338184,-2.97212828161272,0,0.561531303440666,0.915327057677384,0.657838425520732,3.60247689685962,-0.0584553138913589,-4.73953119150623,-0.995988584936204,-2.42904115192184,-5.60010954507622,-1.57854639281443,-3.41610368933365,-3.2315299797813,0,0.832845672673899,1.63423134968176,4.28607110552091,-5.11392088542555,3.66930509208586,-5.29191997980598,-2869.5323675225
0.856230524953856,0.0706650675811731,-2.806697357592,0.204483241636395,0.973470065229763,1.21798445434023,0,0.403449182456095,0,0,0,0,0,-1.17383836281898,-3.88359570558098,-6.0308606034659,-4.67764275444936,-1.97618879438184,-2.98354424594025,0,0.564552699509988,0.918884641423709,0.651488732736185,3.54043500112329,-0.0627901486549498,-4.67473781971207,-0.997612627766116,-2.43478272539828,-5.59636715202714,-1.59193156851183,-3.40682444683449,-3.23709965235934,0,0.836230787585234,1.62886752014123,4.30153297599713,-5.10835669591589,3.66320292473215,-5.30439832602726,-2869.52979645442
0.856333754804201,0.0700374723875126,-2.79137007931951,0.201723808035292,0.974309668579105,1.2173689400892,0,0.404654192133915,0,0,0,0,0,-1.19345848230885,-3.90090644967364,-6.03380990796796,-4.68605754622313,-1.99734250038754,-3.00451245675378,0,0.570163240229413,0.916516480959157,0.639825191215807,3.43014578138657,-0.0678756662747709,-4.55696334512198,-1.00127742847808,-2.44524697757398,-5.5795415094135,-1.58616828663853,-3.42119110972775,-3.24904465510281,0,0.839389891557303,1.6197090364548,4.32116697357716,-5.10658993971405,3.66215488331105,-5.32174214435528,-2869.5260209894
0.854933127751727,0.0667748545981313,-2.79859922933734,0.19838211594316,0.972309134406083,1.21451062242246,0,0.40374645648055,0,0,0,0,0,-1.19886533661583,-3.91534352424404,-6.04706287866007,-4.68468997839596,-2.00732459283788,-3.01525027444896,0,0.571326663237556,0.903890001771866,0.636666240909461,3.34420259923727,-0.0778562392030799,-4.46385813828764,-1.00296931832994,-2.44321589362132,-5.57755887921383,-1.58613087771964,-3.42113934274995,-3.24874818680628,0,0.840248459300537,1.61146759565,4.3260193433306,-5.11261944356394,3.67032070408586,-5.33418532618722,-2869.51967520373
0.850759161349546,0.0583124156868574,-2.81350789810315,0.191973481947737,0.96873683088448,1.20836829139241,0,0.40268749341953,0,0,0,0,0,-1.20487952805524,-3.92382598328071,-6.06678204365919,-4.70733593325405,-2.02633351572034,-3.03528978245941,0,0.571791035094944,0.902724363294004,0.62700815951871,3.13296419834787,-0.0921109833637138,-4.24457275106761,-1.00117061150848,-2.43881702505184,-5.58540999181588,-1.57651119712184,-3.41682044332966,-3.23754934736586,0,0.83898417273841,1.58906055144389,4.34463759178397,-5.13402088418193,3.69044075262927,-5.35619995511384,-2869.5080632915
0.8444533813915,0.0547942583015183,-2.81776717096953,0.186579904689214,0.964198927275009,1.19987951653555,0,0.40277455072472,0,0,0,0,0,-1.20298259353023,-3.97766155487586,-6.07922276015187,-4.72943262567894,-2.04144790420251,-3.04651931730514,0,0.574555531282135,0.904265586980559,0.620401705543861,2.75976268075049,-0.0988394810519234,-3.87150558896758,-0.994217885536093,-2.41200973816008,-5.59399156286918,-1.56298529785607,-3.41912695161598,-3.22709070812381,0,0.83458041690996,1.55081208976027,4.38400928308613,-5.16780113616719,3.71600771104053,-5.39934621177267,-2869.49877990784
0.844082911810229,0.0537949657931908,-2.81019224693978,0.185405173965608,0.965087283311112,1.19887975590921,0,0.403289567077952,0,0,0,0,0,-1.20834990083088,-3.97538782896779,-6.08077149743203,-4.71324994382896,-2.0557409454385,-3.05818451137346,0,0.576612907787454,0.897150144744989,0.634174064561275,2.55044636091765,-0.0981533725981837,-3.67467639629044,-0.994080298548605,-2.40555462593977,-5.59820738954937,-1.56080714331617,-3.41922798254591,-3.22076763014277,0,0.834347461868264,1.53751668960669,4.40815988624591,-5.17194622458783,3.72497892672172,-5.43620880238674,-2869.48814995578
0.859055659466993,0.0708881807171219,-2.85203382451874,0.207116390081482,0.984024591586336,1.2218560246865,0,0.397430501951367,0,0,0,0,0,-1.18059958183645,-3.89661329481612,-5.95515836530703,-4.6256889124672,-2.0310054133712,-3.00995839903056,0,0.586020185789807,0.899016969030776,0.623582940967931,2.50462433299256,-0.0765097020691691,-3.60885101067786,-1.00649166179642,-2.41150465250929,-5.58823479930454,-1.58600455851686,-3.44152676046636,-3.22477770075403,0,0.841275366952092,1.59282064432673,4.42074261602558,-5.12117217692595,3.74904494787715,-5.50626853627874,-2869.46339672017
0.868691360425577,0.0859116664673233,-2.80577197008017,0.217644880194264,0.998955506973412,1.23711866576204,0,0.399624163092103,0,0,0,0,0,-1.19080879004953,-3.89961451439342,-5.96738020123572,-4.61287383008269,-2.039757610089,-3.01388523720245,0,0.587480293142244,0.895758585333981,0.601959061419864,2.47411609142584,-0.0614980134273782,-3.56000729580932,-0.982268690368373,-2.38037535587856,-5.60415522970541,-1.56240829408037,-3.42964506166373,-3.20965828992774,0,0.830588053540555,1.63251100126658,4.45728777746123,-5.15307715856761,3.73897176011031,-5.51721150230997,-2869.45762510432
0.867472631523917,0.0841482915405544,-2.80641169214037,0.216198402098643,0.997491397698448,1.2349219709795,0,0.399841669990715,0,0,0,0,0,-1.19248721359299,-3.90875078770935,-5.97146008609747,-4.62234167922335,-2.04445592279748,-3.01883346033893,0,0.588040654293855,0.899764800941,0.604249430423491,2.41921706930843,-0.0606820533624704,-3.511458534502,-0.985250300854005,-2.38391507966288,-5.59935065332845,-1.5661274985847,-3.43429401993597,-3.21577181071489,0,0.832911329297896,1.63847464562799,4.46685619185392,-5.16359195248967,3.74457857684092,-5.52993695230792,-2869.45256382597
0.858996819540704,0.0747393035884189,-2.81984734594344,0.206273960276496,0.988414328074385,1.22239828529003,0,0.400112509316192,0,0,0,0,0,-1.19955867727468,-3.92860167797175,-5.94950319104824,-4.63442244070475,-2.0596144818682,-3.03399290891628,0,0.594406501181732,0.918042444163109,0.629812906689857,2.38166115267341,-0.0556391291275769,-3.5143251139699,-0.991123854463031,-2.39125838737408,-5.59037765873086,-1.57363524837623,-3.443202896071,-3.22649259656616,0,0.836478822351839,1.66770968346582,4.48006964039056,-5.1820967464806,3.77504175458718,-5.56616172783055,-2869.45006851625
0.862200752719398,0.0764865372962177,-2.82464740913625,0.21069815269977,0.989789369874809,1.22591510174387,0,0.399268691929159,0,0,0,0,0,-1.19091950552387,-3.9208511070209,-5.96883352272046,-4.63980436480436,-2.04682294572222,-3.02069674612294,0,0.589138243690879,0.908432291917495,0.606984334836352,2.32405168596195,-0.0622030969566613,-3.42531591446942,-0.99960056552323,-2.40187835563382,-5.58003772183302,-1.58432205273942,-3.45183650187291,-3.23478612998589,0,0.842398546857796,1.68465940568923,4.52013340312896,-5.18979366379011,3.77233097838013,-5.60341004796384,-2869.44920240295
0.862488686910618,0.0781840878457545,-2.81851284949537,0.210687507506525,0.991689324337709,1.2272669695268,0,0.399562118664285,0,0,0,0,0,-1.19500717735524,-3.92108991833722,-5.96387952810276,-4.63223303731663,-2.05200157152632,-3.02591811599944,0,0.590948435911296,0.90892408861748,0.612027710997684,2.3528106469543,-0.059275544430746,-3.46053832718113,-0.991148961865276,-2.39060920576219,-5.58763191425162,-1.57412132775094,-3.44280257575122,-3.22412208733481,0,0.837568029189431,1.67828908465016,4.51007152962108,-5.19169278482508,3.77447105977422,-5.59076361706238,-2869.44653407281
0.861793386927125,0.0776278556675305,-2.81923080775195,0.209983946861504,0.991055856084529,1.22627970592722,0,0.399569910572095,0,0,0,0,0,-1.19565689423758,-3.92249685516623,-5.96385184442883,-4.63275967649872,-2.0532506519194,-3.0271679325907,0,0.591224527670198,0.909871123857209,0.61375125537706,2.35055961948574,-0.0586846887359873,-3.46097920105011,-0.991132403636898,-2.39045175658188,-5.58474506263188,-1.57424785583651,-3.44239725183421,-3.22359375194451,0,0.838128211397485,1.68378398342786,4.51817854490102,-5.19776808021809,3.77982306070748,-5.60107700897134,-2869.44630168583
0.861021198151654,0.077124682665559,-2.82208277288888,0.208837790784357,0.990851849294864,1.22532884954231,0,0.399222662778734,0,0,0,0,0,-1.19884785519305,-3.92695071430872,-5.9629927646765,-4.63402546214301,-2.05839474932208,-3.03133721875997,0,0.592539076588082,0.909757168181514,0.611674450077864,2.32315592875383,-0.0587224442157655,-3.43304606861648,-0.98880782781504,-2.38688975850176,-5.57945423720853,-1.57187451213282,-3.43966718047637,-3.21932592556608,0,0.838399807198625,1.69412916612358,4.54164408693601,-5.2072639028528,3.79511529854625,-5.63080734792212,-2869.44610978458
0.860792717319501,0.0774766356240775,-2.8204307851288,0.209231724347539,0.990639582834292,1.22514856877944,0,0.399379385543906,0,0,0,0,0,-1.19738005782015,-3.92563972846965,-5.96947402505162,-4.6343279486252,-2.05631056949169,-3.02997068995556,0,0.591171209181531,0.909825757004179,0.613476028897772,2.33630798180683,-0.0578149622216821,-3.44753045352947,-0.989474443155777,-2.38768089762872,-5.57544528151895,-1.57273304309605,-3.43871547138377,-3.21884752995728,0,0.839416022076679,1.69569332951272,4.54872709060116,-5.21556656341297,3.79589418598608,-5.63648033347027,-2869.4460331473
0.86097728130982,0.0775910510665398,-2.82075716699784,0.20930153590982,0.990872315393965,1.22544896092561,0,0.399318394580012,0,0,0,0,0,-1.19775064858988,-3.92596776076018,-5.96862607479715,-4.63481365532605,-2.0566635995873,-3.03014329143748,0,0.591371993643327,0.909532195643995,0.612453608030466,2.3335940725931,-0.0582740710215552,-3.44370250747014,-0.989375846126929,-2.38769389536412,-5.57727167323999,-1.57256044637046,-3.43906787319559,-3.21928100674141,0,0.838964419775214,1.69161013084769,4.54328190041077,-5.21007389400172,3.79357981092313,-5.63082566059687,-2869.44595226357
0.860914440583099,0.0777546580525263,-2.82110789984566,0.209305964527159,0.990979791165793,1.22553332429628,0,0.399251962519874,0,0,0,0,0,-1.19810530085585,-3.92653621217234,-5.9693306776532,-4.63567932857916,-2.05701384336162,-3.03038644369246,0,0.591366660926197,0.909431910299366,0.611913683757775,2.33152551734269,-0.0584536119270083,-3.44112619737349,-0.989337324489313,-2.38775125970583,-5.57782472146632,-1.57252339596,-3.43912105743309,-3.21949657943936,0,0.838717909137554,1.68832535379067,4.54042388647139,-5.20674993743224,3.79255905826352,-5.62819243450656,-2869.44589615874
0.860589056956118,0.0780462662129795,-2.82167291480425,0.209254020336019,0.991000403782482,1.22546377565446,0,0.399150821293607,0,0,0,0,0,-1.19852896555933,-3.92739209185753,-5.97165757830126,-4.63725694042312,-2.05725491116595,-3.03058733601131,0,0.591141611543084,0.909539739529609,0.611640622245195,2.33070193412186,-0.0584428230525643,-3.44016363158785,-0.989399139689105,-2.38805325619347,-5.57802794203415,-1.57268657982867,-3.43913196240779,-3.21990862174672,0,0.838429802987284,1.68496885803761,4.53719204864939,-5.20346860482785,3.79165899012025,-5.62554732110888,-2869.44582981748
0.860258305662443,0.0782500363935098,-2.82192560961167,0.209216273642236,0.990930685048446,1.22531372772093,0,0.399075678684217,0,0,0,0,0,-1.1985058656458,-3.92745666973531,-5.97297052916939,-4.6376527074932,-2.05696718720903,-3.03033876292848,0,0.590954973846312,0.909837536190996,0.611987095852026,2.33168693092175,-0.0581824951948373,-3.44155398746005,-0.98951623457771,-2.38832114997584,-5.57795875155362,-1.57291810182682,-3.43919329398974,-3.22021903939144,0,0.838269569735816,1.68557368110036,4.53634043888401,-5.20365877694821,3.79165986365539,-5.62509293684433,-2869.44580681015
