"b_Income_C_1","b_HH_Member_C_1","b_Caste_C_1","b_Elderly_DiffAble_C_1","b_NotPlanned_C_1","b_10k_All_C_1","b_CurrentPolicy_C_1","mu_worst_C_1","gamma_Ver_Fair_C_1","gamma_WI_Q1_C_1","gamma_HH_4_OrMore_Y_C_1","gamma_Informal_C_1","gamma_Benefit_Subsidy_Y_C_1","delta_C_1","b_Income_C_2","b_HH_Member_C_2","b_Caste_C_2","b_Elderly_DiffAble_C_2","b_NotPlanned_C_2","b_10k_All_C_2","b_CurrentPolicy_C_2","mu_worst_C_2","gamma_Ver_Fair_C_2","gamma_WI_Q1_C_2","gamma_HH_4_OrMore_Y_C_2","gamma_Informal_C_2","gamma_Benefit_Subsidy_Y_C_2","delta_C_2","b_Income_C_3","b_HH_Member_C_3","b_Caste_C_3","b_Elderly_DiffAble_C_3","b_NotPlanned_C_3","b_10k_All_C_3","b_CurrentPolicy_C_3","mu_worst_C_3","gamma_Ver_Fair_C_3","gamma_WI_Q1_C_3","gamma_HH_4_OrMore_Y_C_3","gamma_Informal_C_3","gamma_Benefit_Subsidy_Y_C_3","delta_C_3","logLike"
0.85903,0.08217,-2.82649,0.21167,0.99187,1.22662,0,0.39944,0,0,0,0,0,0,-1.18413,-3.91778,-5.93506,-4.61478,-2.04222,-3.01522,0,0.59315,0.1,0.9679,0.62279,2.28962,-0.03484,-3.43457,-0.98739,-2.38821,-5.56696,-1.57143,-3.43537,-3.2169,0,0.84059,-0.1,1.71258,4.55203,-5.20882,3.80303,-5.64276,-2869.72215691556
0.85903,0.08217,-2.82649,0.21167,0.99187,1.22662,0,0.39944,0,0,0,0,0,0,-1.18413,-3.91778,-5.93506,-4.61478,-2.04222,-3.01522,0,0.59315,0.1,0.9679,0.62279,2.28962,-0.03484,-3.43457,-0.98739,-2.38821,-5.56696,-1.57143,-3.43537,-3.2169,0,0.84059,-0.1,1.71258,4.55203,-5.20882,3.80303,-5.64276,-2869.72215691556
0.860280813511433,0.083160265107248,-2.82698531809054,0.2157782748794,0.990559501808258,1.22985708809447,0,0.401685691575808,0,0,0,0,0,0,-1.18543586704472,-3.91593030241734,-5.93414672180027,-4.61354739093452,-2.04033097950442,-3.01354481262274,0,0.587689237377467,0.0524305603699759,0.956243242875999,0.603010916768303,2.26640188447026,-0.0464742671390157,-3.45722897273901,-0.988033627572572,-2.38565579690741,-5.56706634539649,-1.57197929842008,-3.43743012919079,-3.2179044859664,0,0.842908265615031,-0.112460219295463,1.71345973603513,4.55596873415305,-5.20700273136043,3.80610697700919,-5.63854908318654,-2869.52357201647
0.871481388715578,0.0667653790867001,-2.82543799973367,0.206169555731413,0.98497346970143,1.21185503763732,0,0.376338290361415,0,0,0,0,0,0,-1.18656714097766,-3.90861771885441,-5.93726964477398,-4.61837909822831,-2.03843944753109,-3.01262279168023,0,0.642079249261856,-0.169735209701127,0.929306152265833,0.638735927981719,2.2974876020265,-0.030776703788035,-3.42147441993846,-0.990728306366344,-2.37441213132931,-5.56537480975281,-1.579726349525,-3.44796138529883,-3.22510651417565,0,0.842188156066622,-0.202889392545885,1.71735175478139,4.58225727642208,-5.195357787051,3.82615247593488,-5.60969481673623,-2869.25722198479
0.872241653696955,0.0647389323779096,-2.8266139182346,0.204293494450777,0.984233629346431,1.20955615146299,0,0.386280754511002,0,0,0,0,0,0,-1.18751473463736,-3.90811773221265,-5.93677114696362,-4.61863483171539,-2.03926938386735,-3.01286794628062,0,0.642209981508519,-0.203011154472131,0.92588774282745,0.645879632452746,2.30443665770015,-0.0279903127137191,-3.41370069877541,-0.991099349815335,-2.37286456142806,-5.565045430208,-1.58091609968993,-3.44963337526939,-3.2261698290157,0,0.841480139142797,-0.218245204363093,1.71794932711418,4.58644547871757,-5.19348021912725,3.82934814884657,-5.60507581865192,-2869.13640635582
0.862766535995874,0.0595149523181304,-2.82678911894809,0.19642027453798,0.980676411848947,1.20211974607377,0,0.382671611395263,0,0,0,0,0,0,-1.19285280161983,-3.9092072447523,-5.92755462967562,-4.61819791968078,-2.0483983577866,-3.01707059777356,0,0.590714276509198,-0.315433363313928,0.917294315102675,0.674203968939647,2.33405245257233,-0.0205142245050104,-3.38083116484427,-0.992018302307349,-2.36826737757096,-5.5632944845347,-1.58504534339559,-3.45594165718505,-3.23019146066263,0,0.835309183233343,-0.28134447713798,1.72001903479434,4.60102332364202,-5.18679076916837,3.84040482859084,-5.5888807855134,-2869.05580431656
0.804736200613307,0.0670314967490594,-2.82638088970615,0.204786965946389,0.980358206071988,1.22313336190007,0,0.385352617433166,0,0,0,0,0,0,-1.1805358813623,-3.91009355192863,-5.93493194373448,-4.61827270429483,-2.05724767165508,-3.02452208632677,0,0.592881306401073,-0.339086396782959,0.928398571929905,0.676889278780428,2.34651567950482,-0.0436313859382285,-3.36679024805626,-0.98902156795156,-2.37121753620836,-5.56721207548766,-1.58300639450918,-3.45668135685463,-3.23164275675364,0,0.837295580596769,-0.361718636310029,1.72010906552044,4.60360045869984,-5.18789366878044,3.84058618487479,-5.58455234880285,-2869.01708043294
0.80970188000277,0.0625858658428667,-2.82410963112032,0.204593543153613,0.973671170381898,1.21430900571411,0,0.388671383205643,0,0,0,0,0,0,-1.14099152656176,-3.91371986723448,-5.949024783796,-4.6191490546793,-2.07104778288877,-3.04145513623242,0,0.59074268011662,-0.336594120566242,0.952943355478426,0.666471712966292,2.3552029295864,-0.0927524560377205,-3.35392222804164,-0.981605446756911,-2.37656557272912,-5.57395577572121,-1.58047574398061,-3.45746784801386,-3.23698231728882,0,0.835687486258942,-0.496758039420622,1.72071931378317,4.61103725367518,-5.18978736563361,3.84301140848538,-5.57245267543278,-2868.8183469072
0.799194985557201,0.0395432750688066,-2.82211895366831,0.187331719672935,0.996425360354526,1.19016838219321,0,0.392123514990248,0,0,0,0,0,0,-1.15133015942018,-3.91870760593806,-5.95993637398114,-4.63334875273469,-2.05973642423716,-3.04181407859367,0,0.590350299894807,-0.308066729528225,0.956128260487937,0.649989662124786,2.34949059258447,-0.112278518412681,-3.34952062578828,-0.988869275453341,-2.36184896004523,-5.58103827593823,-1.58910051651727,-3.47165517877617,-3.24675680446247,0,0.842376529100064,-0.615963145357401,1.72340086036908,4.63916564937303,-5.18738615989143,3.86255373525084,-5.53610667494409,-2868.7130411193
0.791418228904169,0.0150891123191577,-2.81948498915899,0.166041598918555,0.940756825357148,1.17970055573215,0,0.397879415501282,0,0,0,0,0,0,-1.19266281162994,-3.92902356925167,-5.9780437973631,-4.67397209754736,-2.04638881345947,-3.02571667707372,0,0.595322618019152,-0.2374168157921,0.941977913723968,0.618211538146052,2.32916365696474,-0.118920989360477,-3.343062382531,-1.00806107175532,-2.33396595511699,-5.58703596571435,-1.6139642006137,-3.50679221357943,-3.2651429006958,0,0.806803378354813,-0.840387733777275,1.73004046940716,4.69945576733583,-5.18301632627936,3.9071089869766,-5.45853522332229,-2868.6011754226
0.797306425174463,0.0302698074467949,-2.82305091550522,0.168092475588691,0.925687264077648,1.17146665655043,0,0.398950094195898,0,0,0,0,0,0,-1.20301756953612,-3.93802205074598,-5.98077436859894,-4.69680837683434,-2.05154635741745,-3.01813032922017,0,0.594541840627174,-0.211427579843483,0.918400562265442,0.613477014130521,2.31412052277263,-0.0919643217652092,-3.34219084814309,-0.995651781622287,-2.33177681623053,-5.60200401146196,-1.61585697368814,-3.52526993821128,-3.26752415116623,0,0.83293393081587,-0.912347866585355,1.73333231270564,4.70026668942103,-5.18910412186129,3.91414279377995,-5.45367921082882,-2868.57291527817
0.807776892042727,0.0394101775916113,-2.83028607717178,0.17759232545525,0.942995990155189,1.16435264342075,0,0.400608134803266,0,0,0,0,0,0,-1.21246775008565,-3.95720328509892,-5.98436935221854,-4.73069767174621,-2.06058031716479,-3.01153396740127,0,0.595568974117894,-0.178496947686065,0.875925039221516,0.611944814328222,2.28227608358275,-0.0417218033594757,-3.34433287051914,-0.97690931420911,-2.34541684721603,-5.61748228262302,-1.61572712902521,-3.54590326574998,-3.27153922805025,0,0.809112487839431,-1.00286614252753,1.73840234544291,4.68144246528598,-5.20644891211988,3.91403408153128,-5.47057901938455,-2868.55295147106
0.817929167034014,0.0263720982483996,-2.83349744845071,0.184342849048616,0.949754999068384,1.18488152062986,0,0.40014170538321,0,0,0,0,0,0,-1.21147198316693,-3.96719382037519,-5.9903672928172,-4.73355732392568,-2.0680812679698,-3.02039784385514,0,0.594359931548704,-0.170157770027642,0.869043958240442,0.621581534166246,2.26686200518301,-0.0335613069800414,-3.34071144336788,-0.979056801503527,-2.34647979988893,-5.63001681302803,-1.61193443705248,-3.55067139012675,-3.27931585464102,0,0.811676450132875,-1.0098142818658,1.74336522067774,4.67829577887462,-5.21188252330495,3.92193591568446,-5.47567385529489,-2868.52853625373
0.82981087990812,0.0439927137250569,-2.84074819624368,0.194121995250315,0.962849587113398,1.19563211553532,0,0.399424692026818,0,0,0,0,0,0,-1.21251418548609,-3.98097101594481,-6.00784132847361,-4.72955827732509,-2.0824129899724,-3.04797426160149,0,0.594809289711179,-0.159690568046193,0.86869935689722,0.643460830362423,2.23486210196446,-0.0332893094740645,-3.33023083666828,-0.990967193773682,-2.34491966592118,-5.65503801063818,-1.6072629465465,-3.55685498523977,-3.29717502027954,0,0.805869946042694,-0.99943918780917,1.75494986408263,4.6775981499506,-5.22033583407318,3.94362768247094,-5.48234601860354,-2868.4588745272
0.834912407842285,0.0449975845948742,-2.84026858933998,0.19101598739179,0.964326269931944,1.19690702296614,0,0.400003670049336,0,0,0,0,0,0,-1.22591992049434,-3.99455293421591,-6.02533807122105,-4.72628505398706,-2.09157225601757,-3.05804319214383,0,0.595528617286594,-0.157602893226188,0.885611432943286,0.656453562277746,2.2054452888744,-0.0475489683716322,-3.31228240131841,-0.983327051444431,-2.34993757545039,-5.68103352185346,-1.61841234756387,-3.56894560323356,-3.29443738074765,0,0.802046521107099,-0.978049765020164,1.76593761574828,4.66878486488353,-5.23263897333827,3.95570453203925,-5.49992150725651,-2868.4017413916
0.824771036842785,0.0289275075078524,-2.83393142575564,0.201934220063756,0.955612327493144,1.17535300601528,0,0.403274125136837,0,0,0,0,0,0,-1.21941360702276,-4.0052966066461,-6.04128677820619,-4.7314511385151,-2.10848111105857,-3.06654986860967,0,0.594802714493802,-0.157448925920926,0.899092230967675,0.655747028811703,2.17423070649916,-0.0546023057767311,-3.28536036307119,-0.985475720493254,-2.35221300772039,-5.70841607131201,-1.61766335885856,-3.57766933066561,-3.2974469774106,0,0.798351944566171,-0.947436670348987,1.78015910310771,4.66428842651859,-5.24433030267556,3.96743461152542,-5.5175190286161,-2868.3685928626
0.805569919461902,0.0121243348990133,-2.81800181751078,0.165212778599414,0.941009099636567,1.15472077919324,0,0.409517460716662,0,0,0,0,0,0,-1.19163777699278,-4.01975648436119,-6.0655208599855,-4.75347857340335,-2.13661544667933,-3.0822491029033,0,0.593593272879539,-0.159855062567748,0.916859754645964,0.643833905605947,2.11821746765161,-0.0633390500983285,-3.23313880668921,-0.996856691630826,-2.35125242693135,-5.75484704328124,-1.60908667798179,-3.58754333653862,-3.31161034346298,0,0.7918525424531,-0.893622248403804,1.80668297305711,4.65620924331578,-5.26625349459465,3.98123155652011,-5.55339986684109,-2868.31231223309
0.805764060686584,0.0116640087766631,-2.81461169424887,0.166117106081577,0.938715492537949,1.15422679098701,0,0.410365180034058,0,0,0,0,0,0,-1.19377967441912,-4.02283100584376,-6.06924329488027,-4.76393410646207,-2.12960231923784,-3.09444885642821,0,0.592735811569458,-0.161002432970469,0.918341328861242,0.640562989292614,2.10655273215626,-0.0691031385140959,-3.21552142541571,-0.995772058235284,-2.34815822500732,-5.76220767422922,-1.60889585809641,-3.58722523512357,-3.32031536495424,0,0.791216457659302,-0.887433927490972,1.8136371275869,4.6575699008132,-5.2708847195588,3.97769913075726,-5.56351957683066,-2868.29845655492
0.816885355911277,0.026373157283866,-2.80795012127553,0.178227444252947,0.956760491652612,1.16916283930809,0,0.409685020871637,0,0,0,0,0,0,-1.19550661772608,-4.04472825577323,-6.10733734531379,-4.79482433780704,-2.15403287694081,-3.11456596214173,0,0.590629961015906,-0.162763444467242,0.908617006722005,0.632151475252629,2.04256241790479,-0.0975115004016845,-3.12364422624046,-0.992262239346174,-2.3423302829755,-5.78813951726725,-1.62585112304135,-3.61652194225423,-3.3295273618803,0,0.784894230186465,-0.874527910817395,1.8544613965595,4.70464958863958,-5.27773130276076,3.96017749509232,-5.59045618626966,-2868.26080569323
0.820482693482342,0.0292142192265415,-2.80831654517494,0.178420642779002,0.958967814106228,1.17074468860813,0,0.408843189780302,0,0,0,0,0,0,-1.20693900521673,-4.05684337462734,-6.12606492009666,-4.79399195221099,-2.16173591276731,-3.1202603914032,0,0.590354796814781,-0.163799394258597,0.908210210760283,0.630518336189167,2.01462059143523,-0.102591225898861,-3.09131294549478,-0.998490884763681,-2.34835527919044,-5.8004860274258,-1.62035356644535,-3.61863835056792,-3.3335298940427,0,0.784404177486487,-0.877506285997542,1.8693519377965,4.71977506611665,-5.27833305294643,3.95394178527144,-5.60512924771004,-2868.24390814737
0.816634914557302,0.0243418006171603,-2.82255767732604,0.166992081609949,0.956515734123511,1.16877760221343,0,0.406482878619397,0,0,0,0,0,0,-1.22758981482672,-4.09177631458197,-6.19712001792781,-4.76801712740561,-2.19332613445311,-3.18731584355624,0,0.589878317583221,-0.164866479816368,0.917368960801675,0.628061410106091,1.88755857235985,-0.0776006426004676,-2.98611206030129,-0.981006994718015,-2.34505473298291,-5.84210889516219,-1.65007305514587,-3.619795186012,-3.3517515360345,0,0.778282123812882,-0.904675252050125,1.91926369483711,4.77620822762814,-5.27427849256206,3.95785743518401,-5.66335308008494,-2868.24324703549
0.817597056227198,0.0223973728352248,-2.83265354528961,0.164448506592507,0.954979169100821,1.16576631986085,0,0.405623052869899,0,0,0,0,0,0,-1.24613717678248,-4.1168948896915,-6.21396656084872,-4.78178353128209,-2.21784014486355,-3.21985814890885,0,0.5934841251842,-0.16678536274135,0.943245034656246,0.643387353907984,1.80121507312654,-0.0718584442745128,-2.92827270929782,-0.995138471311137,-2.31219836043454,-5.85640870442925,-1.64309969678103,-3.65637042280351,-3.35019734415337,0,0.772632192109535,-0.934660797919252,1.94329092131762,4.79756041341822,-5.28241704412613,3.97412501580826,-5.71827351026777,-2868.22746590962
0.813474309114711,0.02124210422459,-2.83766825865693,0.159224787522198,0.954073175365748,1.15866936664656,0,0.405772479893704,0,0,0,0,0,0,-1.26784042185321,-4.1632711576522,-6.20288206540991,-4.8305786859429,-2.25176413118749,-3.23137208249126,0,0.602169934528685,-0.165932557593359,0.959171864022492,0.678867623354453,1.69454934786136,-0.0895818957343075,-2.8611270769238,-0.977431683901326,-2.31236366022496,-5.8779308283573,-1.6245155458378,-3.67049606425859,-3.37459329347905,0,0.765515258340694,-0.96968124526933,1.9685171284944,4.84359476165195,-5.29809318587093,4.03085906654637,-5.77277024604569,-2868.20472799907
0.812135821436689,0.0211562954959231,-2.83025403256985,0.158943218247568,0.951690183275702,1.15563140122242,0,0.406704249803764,0,0,0,0,0,0,-1.27050938985581,-4.17433613199099,-6.19127119316544,-4.86243758314357,-2.25228906915153,-3.24649697761221,0,0.604137846128837,-0.161826345103916,0.934041337285256,0.690016996040233,1.6570550999369,-0.105681890547278,-2.82539086722506,-1.00209483169335,-2.33268854243652,-5.89893924113828,-1.63363265110668,-3.66409885580989,-3.34259352005848,0,0.767222296851626,-0.992437352170462,1.97786958144153,4.87273023517514,-5.31655485048795,4.0735710979242,-5.81004746641395,-2868.20043775218
0.815105052120843,0.0225633751980177,-2.82060886001077,0.162875216610295,0.953770894339632,1.15803937707407,0,0.406737272701292,0,0,0,0,0,0,-1.27399378318047,-4.16196244660548,-6.20010376381829,-4.85824971533602,-2.25313072768783,-3.23094529510667,0,0.601910093643047,-0.160291264874285,0.917032011194393,0.671164994117969,1.67700108934982,-0.109147348830874,-2.8196301150263,-1.00456671871023,-2.32822015777693,-5.89035577729141,-1.63298624212,-3.66129519271459,-3.34771086079044,0,0.769212158062993,-0.999672126389156,1.97193930006904,4.88451287576042,-5.33771820785267,4.09010575212334,-5.8317898317844,-2868.18224872706
0.815355257038388,0.0237932260742808,-2.8197281067717,0.163607502903478,0.954195807128669,1.15958874136737,0,0.406493052806455,0,0,0,0,0,0,-1.27166859266987,-4.16340095525852,-6.20165412314013,-4.85438128393673,-2.2476143134584,-3.22837054018719,0,0.601175620844786,-0.160496390720615,0.91485473791325,0.661114658401812,1.68603956458312,-0.106362852466728,-2.8189693756802,-1.00219095065549,-2.33086477038668,-5.88462773794186,-1.6279269071656,-3.66642702512369,-3.34643493345971,0,0.769480884351536,-1.00113472167809,1.9694215248753,4.89447119729949,-5.34614113003923,4.09528601954456,-5.83707045616513,-2868.17565404431
0.817140729865224,0.0257977723008053,-2.83071068744846,0.167121876542403,0.956902839753884,1.16273075229069,0,0.404879403932913,0,0,0,0,0,0,-1.26871196267711,-4.16009816510733,-6.19846252368489,-4.85389781855592,-2.24629389543326,-3.21583977081556,0,0.600059094499806,-0.162491124714816,0.92625767557574,0.643746717151731,1.69822070425361,-0.0932582343707683,-2.82150837082274,-1.0016208548225,-2.32656464308191,-5.87381367168363,-1.62770967601717,-3.65444373501632,-3.34236634168553,0,0.771687200059931,-1.01082096296199,1.96695477695453,4.93455258818988,-5.36950423309111,4.09494250203143,-5.85996682371468,-2868.16514059185
0.812597916664897,0.0186339337556067,-2.83912769699768,0.162817696863095,0.952737648970519,1.15800761630771,0,0.404295880102556,0,0,0,0,0,0,-1.26827493648388,-4.13879763196266,-6.19824170759638,-4.84117735081285,-2.24899936074982,-3.21234069300151,0,0.599660715329772,-0.159158992880165,0.91428937308002,0.641929517472056,1.6984733588274,-0.0906788433685504,-2.82051233880757,-0.987295060920862,-2.31752617867362,-5.8476058779847,-1.61342603478221,-3.65330247708346,-3.3361908063118,0,0.773859468695285,-1.03170637596446,1.97112743499348,5.00629437472042,-5.40260769255955,4.09620480501333,-5.9130758471872,-2868.15285557142
0.808626449917397,0.0175428370083264,-2.82480190614588,0.161002991270735,0.948975491241863,1.15300703204483,0,0.40567436156526,0,0,0,0,0,0,-1.26254244397183,-4.16218510358576,-6.19328326981343,-4.81928270856333,-2.24926586572783,-3.20467807754742,0,0.602139856421239,-0.155726696388225,0.898905663238561,0.639603778967312,1.68734389049395,-0.0897377886692076,-2.80626521702791,-0.983290686974034,-2.29627455184283,-5.82133496173466,-1.61699009515612,-3.64861237997101,-3.33586064522795,0,0.777024831342176,-1.05782824244506,1.98322090627767,5.0718776705339,-5.42961761178004,4.11371498899895,-5.98234344372651,-2868.15079551862
0.810663555216317,0.019393329368544,-2.80804102761936,0.162644701205707,0.952223811168195,1.155707876887,0,0.406889212252798,0,0,0,0,0,0,-1.2684958406202,-4.16010030089356,-6.19218590067858,-4.81844579274088,-2.25785745888501,-3.2107514768351,0,0.603881265035696,-0.155074800263164,0.904577445419298,0.628928100081362,1.67130639229207,-0.0817922352420175,-2.78674524197829,-0.981973531929541,-2.29936760137268,-5.80749262608905,-1.61739239636802,-3.6502319509668,-3.3349359612229,0,0.779482883216451,-1.07606282616862,1.99701409032383,5.11182188089255,-5.44025682755484,4.1449412034003,-6.03041454221832,-2868.14323468071
0.811551244654384,0.0196884504063246,-2.82297244650946,0.16295374718712,0.953653596919544,1.15723867452896,0,0.405110109146086,0,0,0,0,0,0,-1.27081549496147,-4.15953174081592,-6.19412377401526,-4.82162946033579,-2.26064220994069,-3.21319249681184,0,0.604344264676816,-0.15431373196217,0.90483900010314,0.620218313012878,1.65316537909437,-0.08166933804468,-2.76137354483611,-0.979769069949299,-2.29831235808662,-5.80154485380666,-1.61566769181245,-3.64934680694421,-3.32982941077938,0,0.779549972648328,-1.09048087438298,2.00933683443704,5.1453896012829,-5.45349533509239,4.17966372275366,-6.07536525590912,-2868.13679566674
0.815062506781267,0.023868014577494,-2.82118024066532,0.165200527868408,0.95957614310413,1.16253055409944,0,0.404442211844545,0,0,0,0,0,0,-1.27798906921537,-4.15031463669074,-6.18285714503158,-4.82667726018997,-2.27150219884278,-3.22930437524,0,0.607393971555029,-0.153181530392344,0.920321154873112,0.624483742524185,1.57069066482637,-0.0690126734185227,-2.69400050198444,-0.965270363007278,-2.28584205112133,-5.78432998498977,-1.59442344899419,-3.62421468095823,-3.28413472874261,0,0.77782894139273,-1.15093922246314,2.04081872852308,5.32632335393886,-5.5603378309527,4.28919768365058,-6.24800223139419,-2868.12873330056
0.809911622315524,0.0166239981085152,-2.84622505267528,0.159122176503299,0.953475639342171,1.15333453865602,0,0.403289912911096,0,0,0,0,0,0,-1.28104830257907,-4.15520107769962,-6.1557735390933,-4.820225643355,-2.2835628010713,-3.23748424431691,0,0.614555965476248,-0.151470509059228,0.918870970133788,0.625969294316205,1.57005220027158,-0.076764012162686,-2.69774305390332,-0.983831537525797,-2.31003237293978,-5.72869168046446,-1.61955189431387,-3.63056922232905,-3.29857671038198,0,0.794708778518348,-1.17345921813507,2.06763296998791,5.38700544240901,-5.58232543688405,4.31607896756784,-6.32778640660613,-2868.12870690646
