"b_Income_C_1","b_HH_Member_C_1","b_Caste_C_1","b_Elderly_DiffAble_C_1","b_NotPlanned_C_1","b_10k_All_C_1","b_CurrentPolicy_C_1","mu_worst_C_1","gamma_SQ_C_1","gamma_WI_Q1_C_1","gamma_Informal_C_1","gamma_Benefit_Subsidy_Y_C_1","delta_C_1","b_Income_C_2","b_HH_Member_C_2","b_Caste_C_2","b_Elderly_DiffAble_C_2","b_NotPlanned_C_2","b_10k_All_C_2","b_CurrentPolicy_C_2","mu_worst_C_2","gamma_SQ_C_2","gamma_WI_Q1_C_2","gamma_Informal_C_2","gamma_Benefit_Subsidy_Y_C_2","delta_C_2","b_Income_C_3","b_HH_Member_C_3","b_Caste_C_3","b_Elderly_DiffAble_C_3","b_NotPlanned_C_3","b_10k_All_C_3","b_CurrentPolicy_C_3","mu_worst_C_3","gamma_SQ_C_3","gamma_WI_Q1_C_3","gamma_Informal_C_3","gamma_Benefit_Subsidy_Y_C_3","delta_C_3","logLike"
0.77405,-0.02375,-2.78654,0.12559,0.88893,1.11544,0,0.42178,0,0,0,0,0,-1.22912,-4.12854,-6.5059,-4.86333,-2.19976,-3.28573,0,0.51476,0.1,1.08474,5.11433,-0.26505,-6.80965,-1.04338,-2.43374,-5.6511,-1.66738,-3.39778,-3.30582,0,0.85144,-0.1,0.53573,-5.92418,4.20694,-3.77865,-2936.70828107257
0.77405,-0.02375,-2.78654,0.12559,0.88893,1.11544,0,0.42178,0,0,0,0,0,-1.22912,-4.12854,-6.5059,-4.86333,-2.19976,-3.28573,0,0.51476,0.1,1.08474,5.11433,-0.26505,-6.80965,-1.04338,-2.43374,-5.6511,-1.66738,-3.39778,-3.30582,0,0.85144,-0.1,0.53573,-5.92418,4.20694,-3.77865,-2936.70828107257
0.828996474847384,-0.0901543036522344,-2.80825378946514,0.0419288856686652,0.799672397332797,0.918068313773312,0,0.545714674775228,0,0,0,0,0,-1.22473961521977,-4.1280197144609,-6.51108682281836,-4.8785124169734,-2.23177916479156,-3.30316044776958,0,0.62642190597578,0.282307419891004,1.19564834595961,5.4727548261177,-0.0902034307200927,-6.45065469878758,-1.05715096123178,-2.43279597360339,-5.65136063571568,-1.65878896034078,-3.40741962156675,-3.3159841380752,0,0.838417123626275,-0.0330693317460827,0.537488737198543,-5.91795161293523,4.32164318713691,-3.6449518377556,-2912.33258930509
0.820176051013888,-0.107917517297365,-2.79467595395675,0.0228092013762505,0.771857188171546,0.874920117011161,0,0.453025689675216,0,0,0,0,0,-1.22821475738773,-4.12764756928614,-6.50431869519823,-4.88218717207924,-2.24329233854181,-3.30855399192609,0,0.606166552973012,0.321419150877274,1.21538388977275,5.55407527723358,-0.0500717356325938,-6.3691274225096,-1.06243844309186,-2.43225808619395,-5.65101317441686,-1.65524192808749,-3.41122273278823,-3.31921890745868,0,0.831601739173112,-0.0123497500924801,0.538069070405871,-5.91595645978884,4.35682737842937,-3.60301963827087,-2906.91647731232
0.756543716920028,-0.123821897049288,-2.80895021706112,0.0199622641788001,0.737402048466331,0.882631432957849,0,0.480838831710368,0,0,0,0,0,-1.25658855636184,-4.12250743734097,-6.48910946219039,-4.8774652506074,-2.25703426742213,-3.3062640411345,0,0.512204091525894,0.31650629333796,1.19525759988209,5.57344927641008,-0.0421329901470666,-6.34913500017905,-1.07838905698453,-2.4305212638623,-5.65368260832046,-1.64402042575305,-3.42010636021003,-3.32119808250271,0,0.818874200212096,0.0300865009011087,0.539481253506375,-5.91147736276501,4.42923464933665,-3.51103351679082,-2904.89817115253
0.693724219434244,-0.146485954020968,-2.82042800908542,0.0106441568950852,0.717434168745295,0.896130300482121,0,0.472993752099748,0,0,0,0,0,-1.27787944391225,-4.1060684921903,-6.49170916101652,-4.87575799325851,-2.25737919511418,-3.30046684253721,0,0.556629151405619,0.293378819716983,1.15730207949731,5.56913225077891,-0.0472408305764211,-6.35266697156298,-1.09607860076292,-2.42755697110778,-5.65866829100461,-1.62717153904737,-3.43133782217179,-3.32082752706732,0,0.798500744644853,0.0752211891022478,0.541386994253774,-5.90521589708846,4.50625699884843,-3.40498440910767,-2903.42213175288
0.722364369616355,-0.15880702738188,-2.83025129859091,-0.0196320601526139,0.727807764756993,0.878141553426276,0,0.468282546598205,0,0,0,0,0,-1.28239906335601,-4.09660626954213,-6.48914746202432,-4.87448223460796,-2.25979056694937,-3.30081362253719,0,0.556651777161026,0.273705615498777,1.12766577036732,5.56148208294146,-0.0570457469707512,-6.35960754810061,-1.09969929800814,-2.42280675093764,-5.66730136999707,-1.61189009850095,-3.43760399438696,-3.31333564896122,0,0.786054483752524,0.0889338619223561,0.54324523540991,-5.89843805208436,4.52929150682618,-3.35475324508284,-2902.89608204782
0.716213285870774,-0.12722869504259,-3.07871867677012,-0.0698445502896396,0.868758129328923,0.93609144305182,0,0.410448035277768,0,0,0,0,0,-1.42032568220226,-3.98387552872048,-6.43798774543305,-4.84193921174262,-2.43082473698913,-3.33916304839416,0,0.585207125659212,0.112380760857472,0.610850952694837,5.70048482630403,-0.12847310756167,-6.20580534678547,-1.01999574788972,-2.24788953560011,-5.98436804819111,-1.24048394968339,-3.48255386744398,-2.96674705322315,0,0.748436463677923,-0.0301149492861439,0.594548435506708,-5.69950323538186,4.2662662151955,-2.93566643203163,-2902.21208623847
0.736954164279289,-0.123378371444051,-3.11810462853222,-0.0518507633261299,0.855140393632666,0.953548762530411,0,0.400011654734849,0,0,0,0,0,-1.44145479692799,-3.97706739485993,-6.42771522867828,-4.8318928401521,-2.4587944852254,-3.347142607718,0,0.591585000003246,0.0918124831006128,0.539371254160825,5.71855888573815,-0.150304115540076,-6.18484704218678,-0.995139887483149,-2.21860386103849,-6.03609911380434,-1.19311592165333,-3.47316885462747,-2.91698697027073,0,0.690778978996614,-0.0516209511241824,0.604710118590682,-5.66041208199118,4.21438547610231,-2.85513785786175,-2901.58822675703
0.801594701108878,-0.11073019707095,-3.20275660147441,0.0161818471342861,0.848758308466307,0.99999938874069,0,0.36620793948792,0,0,0,0,0,-1.50681770312515,-4.03807498429327,-6.38380917897203,-4.78664695716599,-2.4852932132263,-3.38346506557878,0,0.613077840040617,0.0852834080151494,0.446828148017638,5.73745590069628,-0.258025425998399,-6.15557535851766,-0.838218409177438,-2.08222252727115,-6.24229914765795,-1.14392184647881,-3.39665818033904,-2.81103408546316,0,0.689228383489937,-0.0983558211595202,0.644807777187109,-5.51550775433285,4.06506720130358,-2.52359195072087,-2900.25439920846
0.802735425708384,-0.0908036105676136,-3.23386613413532,0.015774632386326,0.902200071863464,1.02739467060131,0,0.353681417864367,0,0,0,0,0,-1.54313872375739,-4.08066001166375,-6.35555670439166,-4.7669299752056,-2.4865026142365,-3.40458983866056,0,0.620651960136323,0.0946945571714189,0.420909347977975,5.74567230156455,-0.307750909700896,-6.14134412552109,-0.759385899378799,-2.01043058554913,-6.35297661274741,-1.12719852045047,-3.34360643491131,-2.76098020470415,0,0.635833269089913,-0.128654702838304,0.669283189713379,-5.42890448216658,3.97070440339629,-2.33715414338,-2899.12725310176
0.847403469679236,0.00334538391024324,-3.17516024673955,-0.0478750024811318,0.930365887332387,1.1858521107109,0,0.343240402733512,0,0,0,0,0,-1.53949462902497,-4.15157796367355,-6.27418861453464,-4.77377403523466,-2.53176327772136,-3.4409611453168,0,0.639743244129842,0.126664422385024,0.449704817878664,5.71566566221646,-0.312086571239757,-6.15493440904661,-0.700916431139998,-1.87953044780098,-6.64665239453495,-1.01371331243288,-3.23382437925017,-2.61114744873919,0,0.558320691698068,-0.217737593049909,0.752140398433983,-5.15789789217954,3.69196815128769,-1.81618163177526,-2896.93773508745
0.864801984914375,0.021898079594056,-3.12155156848228,-0.0080425939553525,0.979886721470608,1.21460460679548,0,0.342764559936906,0,0,0,0,0,-1.53543304915718,-4.174833506901,-6.23462415474604,-4.78206680865063,-2.55160613082803,-3.45819298574834,0,0.645039613544508,0.134696153571448,0.473068193529237,5.69001503247299,-0.293037942866417,-6.17181054943974,-0.681402474282041,-1.83640535964928,-6.79918130967179,-0.944866518632271,-3.18217010852654,-2.52763726280386,0,0.514869396928372,-0.269077181291304,0.802618744194191,-4.99631247694819,3.54194520122834,-1.53055661322789,-2895.45730997145
0.904134691382316,0.0462677657878588,-3.00156030230608,0.00745384792879954,1.04014149473467,1.31126633718986,0,0.347420199115091,0,0,0,0,0,-1.58735767567404,-4.1300421614078,-6.21339424122695,-4.8279264465962,-2.53567422874913,-3.43189233423642,0,0.64283655632685,0.0943459781010455,0.48981926453298,5.68359219084376,-0.254604712236165,-6.16578839697175,-0.560336831744383,-1.91997324817868,-6.9684318174878,-0.963051286067995,-3.10710773617727,-2.39949263960859,0,0.478905248564187,-0.370798658025113,0.917395341678744,-4.65837006612419,3.33548544278484,-1.1273348221595,-2893.68262242725
0.934651283900414,0.196095463035277,-2.92408313458305,0.0472355227465911,1.08183785480938,1.33984588569732,0,0.345034916221934,0,0,0,0,0,-1.60713008674251,-4.11493966225952,-6.22752972202207,-4.85809152421301,-2.46117634197009,-3.38822732431386,0,0.636233467334443,0.0750627128555579,0.502639537107226,5.68842630270176,-0.286442445021324,-6.15175137567979,-0.565520995593486,-1.95573010311029,-7.05025608467321,-0.939492970476517,-3.01950965158897,-2.36465677104167,0,0.468518910675501,-0.470706051023043,1.06752805949573,-4.26022585612051,3.20765634913242,-0.817935379010945,-2892.60162381834
0.988587944913276,0.148416392441919,-2.85436177605231,0.0938821593981947,1.17166332278031,1.48550293010161,0,0.341427631957572,0,0,0,0,0,-1.56109241033334,-4.1456028864655,-6.247295239904,-4.90592105355655,-2.35224682417853,-3.31769839492707,0,0.613525540570502,0.0798023157842157,0.53030137104757,5.71023200159126,-0.320805765928097,-6.12182552595138,-0.606130316461859,-1.95740357415277,-7.08786486426785,-0.881515153254571,-2.93357000651829,-2.37223190910714,0,0.464372027392289,-0.561931532755901,1.25024532072134,-3.8294288851052,3.11464361682694,-0.57884966062099,-2892.41419081487
0.937775646222176,0.170948798680022,-2.75906112797649,0.131816922086446,1.1810865007669,1.46874050257709,0,0.362066676487567,0,0,0,0,0,-1.3166049005812,-4.09621306315966,-6.28691726877876,-5.07656556023323,-2.21715392391244,-3.17541287974531,0,0.567858354318564,0.0149139566610141,0.664098687260384,5.65956257598664,-0.187621000190222,-6.16795253084864,-0.4917516113602,-1.89326322164034,-6.99177748981228,-0.900948991962281,-2.93067905517097,-2.44306053446987,0,0.460139988978973,-0.478016931034494,1.44597379299391,-3.68002877873777,3.15448345088468,-0.674378563960225,-2891.20050893664
0.932316151482246,0.164589572443903,-2.71509531370286,0.14789622216752,1.17609825534056,1.46023487510139,0,0.367664714908285,0,0,0,0,0,-1.31332250247733,-4.07102218592741,-6.31879135103421,-5.11287373078966,-2.10693066531292,-3.09745138204981,0,0.548458903743319,-0.00603916490877401,0.775179215330714,5.64032651155831,-0.157896969063169,-6.18537050819343,-0.535259404878287,-1.9137069973825,-6.93145135432931,-0.915286849019079,-2.92260018416523,-2.44263889633162,0,0.472786942266874,-0.417879622992006,1.51767350314453,-3.71903584106075,3.16679016501328,-0.767607352313611,-2890.35814099822
0.996167222042963,0.270865120493315,-2.66904718363358,0.253139353569128,1.31651008973605,1.56024636770747,0,0.361114995189485,0,0,0,0,0,-1.17898997073323,-3.99521030702792,-6.43284777259035,-4.92221907118071,-2.11686968929886,-3.01712387092261,0,0.522139128295275,0.220497401647904,0.908924183714301,5.59653221566662,-0.12322491024607,-6.22731485479971,-0.590978332935155,-2.10161014756694,-6.72250882482059,-1.01665696424244,-3.07400750397868,-2.4505603317771,0,0.494990533892724,-0.201764736437805,1.66914894245273,-3.84863723868388,3.26419922944936,-0.944666465472244,-2890.17128325393
1.0505943875223,0.312410436539868,-2.6111674436316,0.291180656618053,1.3509956167592,1.61477175268052,0,0.368214203232889,0,0,0,0,0,-1.26839470112634,-3.93377144323694,-6.37434217259543,-4.83800984388424,-2.0130105937074,-3.06910025659719,0,0.531214418769011,0.241142138897974,0.876431022200734,5.59646284716727,0.00719878754326314,-6.22631836014963,-0.576141205825818,-2.03785887565806,-6.58228899173956,-1.01630778489931,-3.15114294652398,-2.60274681298557,0,0.502478287689358,-0.124337681893669,1.75472312420298,-3.87908697038928,3.2379360756739,-1.01065565792229,-2889.86737595356
1.00822505254396,0.279953362427999,-2.64474673876112,0.247087639840835,1.31738650545341,1.55269548221693,0,0.370306077670307,0,0,0,0,0,-1.2713594309554,-3.96393334172871,-6.21005633290883,-4.78697484444323,-2.00710683169263,-2.96848735052874,0,0.563579800477627,0.145936770860914,0.880413333464808,5.61656716756332,-0.00641544631309147,-6.20546736356683,-0.583912435857202,-2.00303044727027,-6.45641464082318,-1.03906851824856,-3.1502297066719,-2.60324718644809,0,0.513129132501705,-0.13665954336218,1.85531874187469,-3.83201750966115,3.17498041962923,-1.05748564812438,-2889.13864892156
0.983583356159592,0.26214346275068,-2.67772764507867,0.225940638431427,1.29802844075122,1.53087711202743,0,0.369810061205505,0,0,0,0,0,-1.24983197632469,-3.92558977567604,-6.14623472124328,-4.79271207902086,-1.97690841935247,-2.99265889047076,0,0.570224118865218,0.130345311803216,0.897207979320225,5.62267326352032,-0.0446057833340761,-6.19904437606329,-0.573664939604188,-2.02200869110478,-6.41871484454836,-1.01267911629998,-3.11881791527934,-2.59789826443865,0,0.518777164583368,-0.137720651513817,1.88665598169125,-3.80814414614109,3.15416368158991,-1.07549142834713,-2888.86888948576
0.983011336800245,0.258650556164958,-2.69665001513963,0.22517308100414,1.29846688249941,1.52902788495074,0,0.367265115116729,0,0,0,0,0,-1.24942343499141,-3.89470252564384,-6.13006935675956,-4.80314264411437,-1.97333236295881,-2.98110435708998,0,0.570991637312797,0.138809708319724,0.899771956361562,5.62099493882848,-0.0451116325595455,-6.20078181337899,-0.580622177812826,-2.00816535564584,-6.40554534581951,-1.02072741851967,-3.09292429480956,-2.58540198262912,0,0.520231895932538,-0.137294465827957,1.89039484042619,-3.79089257258521,3.15109341938207,-1.07924255996262,-2888.7993710501
0.99316263763771,0.282751252272471,-2.77098000906853,0.228603778105419,1.30756709076733,1.54161746244025,0,0.354218386232942,0,0,0,0,0,-1.23367156906916,-3.85325227013063,-6.05573896438079,-4.79942304324653,-1.88482315250338,-2.86173097031242,0,0.573043431727174,0.146211386022608,0.922127079887161,5.62441830388441,-0.0180938491553257,-6.19887111299381,-0.537119852628648,-2.00996927157039,-6.3078875169338,-0.93944699700375,-2.9833530900251,-2.50307920579988,0,0.523360711970866,-0.128993159697514,1.87661261988702,-3.69227506758663,3.14955361317339,-1.08345227836585,-2888.637386981
0.997862503603875,0.313430617927895,-2.8114862837311,0.247778869943928,1.3333191996906,1.58052446825386,0,0.349244677963494,0,0,0,0,0,-1.12342554965519,-3.76934059433094,-5.95850922961174,-4.72277529600593,-1.75785774184377,-2.80675110812763,0,0.569725320624592,0.0237680726269575,0.98147126628853,5.68095480855298,-0.0371022271463089,-6.14623663179318,-0.536348392514856,-1.95008812941569,-6.09212547899356,-0.927729455336393,-2.87723355881969,-2.35634386752359,0,0.533220095319602,-0.136833804799695,1.8600305000116,-3.5713939254431,3.12140932702405,-1.0640614564826,-2888.53363908927
0.983341777324788,0.307829421553267,-2.79256385230138,0.243530494086831,1.34613650900275,1.5835539144407,0,0.357034075247933,0,0,0,0,0,-1.08124833641757,-3.67335204327041,-5.85127472487086,-4.67693647792748,-1.77451099822801,-2.72204303799401,0,0.57836399303922,-0.011354709803636,1.01486468071303,5.71112791251686,-0.112558409587477,-6.12001634863619,-0.524237963718966,-1.93874635952244,-5.88332553721235,-0.886525053145461,-2.80134179578197,-2.39440533056281,0,0.563130114516963,-0.162776125864026,1.87821186416722,-3.54213397545474,3.05586648171618,-1.04024534356058,-2888.45240766615
0.958885845361491,0.28885163116196,-2.80795428991757,0.227910823166581,1.32267935636575,1.55947560242967,0,0.362565161730013,0,0,0,0,0,-1.05019461596101,-3.64874109694062,-5.68905024680646,-4.6551740011578,-1.73017693296393,-2.69596847517858,0,0.59407288190094,0.0544196739693595,0.978936500954393,5.698722872241,-0.130604370096994,-6.1372639599236,-0.541992334546246,-1.96512849072982,-5.67091422744422,-0.913166053798713,-2.80859155900659,-2.38959047309587,0,0.594229604476451,-0.195298921300495,1.94339284830936,-3.51533737959058,2.98919684911763,-1.02506873479735,-2888.35746563534
0.962523208651303,0.290323599171183,-2.888958055832,0.225399360296798,1.32792878931299,1.56643712859661,0,0.349362789750998,0,0,0,0,0,-1.06696400279689,-3.63277638208063,-5.61204838637761,-4.60610941916648,-1.74903464694854,-2.70853522975505,0,0.607413635722554,0.0456489166265237,1.02075981655187,5.68241672942947,-0.0822530132034308,-6.1577913526381,-0.552831924628344,-1.99951958696119,-5.58941052836395,-0.924908924792785,-2.8101397981901,-2.41356276102804,0,0.609471831259675,-0.179079182209421,1.99767560617329,-3.47759307970607,2.97771006752861,-1.03467682095296,-2888.26935387264
1.05064819855907,0.385739763621794,-2.88038543180771,0.308852855312848,1.40598030621768,1.67438557654516,0,0.345156446405053,0,0,0,0,0,-1.09767601032444,-3.5140192645508,-5.39943598358856,-4.48917319164945,-1.68833826593296,-2.62901762412297,0,0.627132292308785,0.108512203089701,1.07679971208488,5.70110652806183,-0.0808130876842438,-6.15974607448807,-0.515276670454072,-1.9935625076723,-5.57177602586311,-0.912999149103306,-2.81144968115838,-2.35969063064847,0,0.587483299584853,-0.0511310656919793,2.0975407190599,-3.42145439433448,3.12114461653598,-1.09303927922127,-2888.25824248227
1.09101920277188,0.434833509846055,-2.92178438200044,0.356026358321847,1.44864422177062,1.73697305921464,0,0.337485781306172,0,0,0,0,0,-1.02591380274615,-3.44254458159363,-5.29637507705287,-4.36836089652152,-1.60277438651352,-2.55695386825567,0,0.627166859935597,0.12966934692114,1.05071996644572,5.71834703839632,-0.0171474581205833,-6.1555609525443,-0.518924809755147,-2.02590924221689,-5.56147546445393,-0.932054552061649,-2.70194558056906,-2.37839751959941,0,0.595748579863937,-0.0297537803206437,2.11143942908285,-3.46305716312281,3.17694201118379,-1.08384871188531,-2888.18689366533
1.11016864771325,0.458893574183259,-3.02610867818123,0.383533086608197,1.4691970067033,1.78316071836752,0,0.321070197880256,0,0,0,0,0,-0.956533575009409,-3.32583853471861,-5.22657969199202,-4.25734969596667,-1.49506501384098,-2.45675520102709,0,0.618324716598155,0.155788829615365,1.10951908017871,5.72380568175754,0.0194309771456956,-6.16146937896904,-0.491635854112064,-1.99835220906001,-5.48414447245214,-0.914804809581325,-2.71438772198095,-2.37542719255888,0,0.59490244050095,-0.105413645438045,2.09264746887568,-3.50765354695351,3.18229542750526,-1.0147904381703,-2888.02100263309
1.11290617811606,0.468399691266573,-3.05682594723773,0.393005693138204,1.48278305066999,1.79850380293442,0,0.318617588966017,0,0,0,0,0,-0.932024220992891,-3.29550685715929,-5.12351733868817,-4.21934810477284,-1.48210965146775,-2.43489341790247,0,0.628313486544908,0.140909057840586,1.13797639203567,5.73277256786004,0.0240341522242117,-6.15887682693563,-0.481614112644832,-1.98238274560627,-5.4099922423826,-0.895963144274221,-2.68480879458724,-2.34222891877856,0,0.602621563198597,-0.12195349904654,2.11279682391708,-3.51721669060408,3.16492337903948,-0.985326003673675,-2887.90350774775
1.08190516341604,0.445156140885918,-3.07881097200546,0.366516658756088,1.46820891983153,1.78914501912174,0,0.32477537851721,0,0,0,0,0,-0.89044687916863,-3.20752433452343,-4.99109710404274,-4.03311120905686,-1.44511497596779,-2.38691005814892,0,0.639741207878569,0.132116705543636,1.18470916537359,5.7341736792823,0.0352273067957269,-6.17255006986116,-0.445142487512173,-1.92049150621586,-5.29966768020791,-0.846120809364687,-2.6122952919056,-2.26004818002849,0,0.611110339840494,-0.144411008713064,2.21212243950697,-3.49500649363173,3.11169282237993,-0.954652139512998,-2887.82806836883
1.10577269886335,0.512079944013595,-3.22881841480487,0.433626097221248,1.53532532852506,1.88148812463348,0,0.313445686566822,0,0,0,0,0,-0.785958630631926,-3.09075552832516,-4.72335706313635,-3.96699002006068,-1.329269450923,-2.23259406299773,0,0.652415880302141,0.0548001219674229,1.28796338886536,5.81233175976653,-0.00230515195167883,-6.13301091066149,-0.4543786535027,-1.90589813347634,-5.31119770026344,-0.840453417548018,-2.63211452856466,-2.2572978234977,0,0.599962018883548,-0.184423690119505,2.46874751997295,-3.57124568771316,3.07151573055842,-0.851210830964653,-2887.73866203792
1.10424448912999,0.509109064018249,-3.22612659536188,0.432178003023396,1.53378362034224,1.87756302758927,0,0.31549320397002,0,0,0,0,0,-0.804190872858337,-3.10656372802398,-4.72927644414218,-3.97527541018759,-1.35601362341949,-2.25990982100156,0,0.655981906088816,0.0599430280457282,1.29196879378449,5.80872675936805,0.00218167819070853,-6.14043412828497,-0.455414797863289,-1.90941871121626,-5.33633991402463,-0.84432739266224,-2.63541128418373,-2.25907199635561,0,0.598753973124205,-0.21970902867404,2.42632156711126,-3.57954052933316,3.11061075806942,-0.868160229022647,-2887.68298097966
1.10261095358041,0.50402101216402,-3.23118360517447,0.429384653961687,1.53076967158553,1.87084978057378,0,0.31552116364722,0,0,0,0,0,-0.817424110816695,-3.1196068223381,-4.7604536966822,-3.98619685379242,-1.3711882396134,-2.27706858436013,0,0.655075442311116,0.0726150771212493,1.28734510853933,5.80397171343781,0.00872369279255821,-6.14901235040787,-0.452509359987361,-1.9104181901391,-5.34547481588243,-0.84557217316633,-2.63578976279301,-2.25517211620988,0,0.599454534679424,-0.185471405293324,2.38040189824543,-3.57488855278309,3.10611463313495,-0.876202399115827,-2887.63555021218
1.1157169171252,0.520460014063922,-3.31809131047493,0.447858192743302,1.54610741001858,1.89048986779721,0,0.310513090630059,0,0,0,0,0,-0.810505130128757,-3.03862449447799,-4.66440667319605,-3.87579149858861,-1.32689129977983,-2.23964869088527,0,0.664431342292583,0.120314484138276,1.3209617769503,5.80865539247548,0.0619849206359094,-6.18636847654023,-0.440702999485281,-1.93154861050018,-5.27698556184106,-0.849408685413434,-2.60116683761987,-2.25730782041754,0,0.607410961388768,-0.156282241107533,2.3427513086631,-3.51527938227247,3.19078224981047,-0.954950483004298,-2887.60982114926
1.09937622318143,0.501455596387778,-3.33982833881447,0.433942187289914,1.53192585030403,1.86686779311042,0,0.312988702594969,0,0,0,0,0,-0.832147935266958,-3.11428351629132,-4.7993191249621,-3.96574084965525,-1.37874622931746,-2.28312986948772,0,0.654080819554364,0.104030254524378,1.30661391325846,5.82047160081001,0.0419284742685036,-6.19360898940381,-0.45290095218123,-1.92683432591765,-5.4203737686095,-0.856532607543107,-2.65078716703725,-2.27308317955748,0,0.593224519901718,-0.159024816564387,2.36119385392964,-3.5481099288356,3.16157985934845,-0.935746561046121,-2887.56864384374
1.10961112296595,0.5174528217311,-3.39347681304487,0.448611198852609,1.54938580657657,1.89082590184581,0,0.308186781661351,0,0,0,0,0,-0.807505080437449,-3.06750318455761,-4.67638387094593,-3.91426391461505,-1.34594705641482,-2.24294819391182,0,0.663079993944554,0.0979772775667524,1.33415037957936,5.84108383670608,0.0400499329225389,-6.19502169711332,-0.445803088221738,-1.91551855519563,-5.38253221756244,-0.85025290144146,-2.63831960500298,-2.25458509394852,0,0.596437575679711,-0.140538934930177,2.37011968995572,-3.54878766711201,3.13519519891471,-0.905113760655161,-2887.55108509503
1.11337776498067,0.522845151331821,-3.41916896850719,0.452944906983678,1.55323745899712,1.89531033278885,0,0.306821153816433,0,0,0,0,0,-0.798881423280253,-3.04874203153925,-4.6733249672876,-3.90081567252052,-1.32857632191787,-2.22600991244602,0,0.660896865039333,0.097036172018763,1.33788320110487,5.85369872220068,0.0456416523423501,-6.20442242408111,-0.448903474726133,-1.92351363999764,-5.36208940939757,-0.85207253569595,-2.63541822226713,-2.261520273268,0,0.597954559175148,-0.149398193673238,2.39303975593599,-3.53627112110867,3.14572691640298,-0.917750282060578,-2887.53976893212
1.11861896834763,0.528353052969039,-3.47323330641247,0.458944170976201,1.55967650271524,1.9024592694538,0,0.303882709029524,0,0,0,0,0,-0.793605941039111,-3.03704871013881,-4.65522098489121,-3.88291189858846,-1.32008735909981,-2.21442557681428,0,0.6616101283259,0.0990767929361017,1.34556668372326,5.87664185900763,0.0512164216982679,-6.22506133783933,-0.449209440335825,-1.92552443466548,-5.36877209238266,-0.852411395200606,-2.63771822681674,-2.26504975091577,0,0.596988012954084,-0.148316861216895,2.40653090027589,-3.52631563382341,3.14926196370832,-0.922748927650325,-2887.53378933644
1.12615031757471,0.537027845657085,-3.5378969410973,0.468011325473743,1.56936781816583,1.91326674981084,0,0.300501354552414,0,0,0,0,0,-0.785076489802226,-3.01900257571716,-4.62980150685526,-3.86863801938688,-1.30695139840625,-2.19670597386845,0,0.662044324953317,0.0976359217730862,1.35436880741256,5.91269026737204,0.0533714467914934,-6.25357709098181,-0.450673551538254,-1.92723799759049,-5.3687960417559,-0.854026866259279,-2.64004407967977,-2.26631348101972,0,0.59700589476458,-0.142359198235886,2.40995773586374,-3.51557813724556,3.14200247369202,-0.921919744199592,-2887.53010688676
1.1310488885509,0.541124524247753,-3.56973706121889,0.47223700384003,1.57396940980148,1.91895255443022,0,0.298334383257868,0,0,0,0,0,-0.783669027673172,-3.01593693079312,-4.61728123043865,-3.86044738431021,-1.3053067469717,-2.1932115995442,0,0.663005261501198,0.0973862410071342,1.35415767380714,5.93766920406939,0.052880044448933,-6.27524112072952,-0.451264711815342,-1.92745646057111,-5.37405306095236,-0.854535819296615,-2.64298097069348,-2.26761131388996,0,0.5963583162283,-0.139956599221931,2.40759303890085,-3.51073057684589,3.13620110288743,-0.920027361021373,-2887.52897662798
1.13399480906681,0.543513492967747,-3.58143848656545,0.474796199404387,1.57631259842073,1.92196350746159,0,0.297707826560043,0,0,0,0,0,-0.783742696257798,-3.01470035736966,-4.61435938557992,-3.85982134613547,-1.30471576851632,-2.19222553451975,0,0.663169422330347,0.0972086821307457,1.35107782537815,5.95921622322384,0.0519140816114492,-6.29548972524182,-0.451880011921967,-1.92806356872529,-5.37509311896754,-0.855441502203011,-2.64420602561588,-2.26857462845289,0,0.596423154367751,-0.137945623963369,2.39807204789967,-3.50627190731775,3.13100242487408,-0.919583774474678,-2887.52843108719
1.13617324070593,0.545116739637334,-3.58333003285804,0.476551327693883,1.57762317047788,1.92387615520966,0,0.29743226651702,0,0,0,0,0,-0.784703679878209,-3.0153322406165,-4.6146851985743,-3.86024509039742,-1.30559874305978,-2.19308729543676,0,0.663347046695481,0.0967848859166746,1.34636277331635,5.98415985573299,0.0505613711635161,-6.31963490850748,-0.452980655608741,-1.9294488095149,-5.37517288701912,-0.85674649016554,-2.64571133737062,-2.27035397925908,0,0.596527102649733,-0.136910339319559,2.38919580283252,-3.50200564632918,3.12639868037145,-0.91988616373681,-2887.52803113478
1.13690642451523,0.545526405106354,-3.57710622442944,0.477225707009296,1.57761785941127,1.92417936203932,0,0.297738357724359,0,0,0,0,0,-0.785856562401069,-3.0170338603939,-4.61719171181537,-3.86172309654041,-1.30664412675918,-2.19484613351193,0,0.663403273827754,0.0966034669239851,1.34246620928625,6.01203981275916,0.0496099405630477,-6.34766894496946,-0.453881612289598,-1.93061953238725,-5.37702938436616,-0.857888327638825,-2.64738536959212,-2.2723374622223,0,0.59647289109938,-0.136570851393676,2.38211062244647,-3.49860941069957,3.12299822200333,-0.920622285201577,-2887.52769257726
1.13721601848651,0.54564368062064,-3.56590929399675,0.477867219750748,1.57717452971088,1.92388339721842,0,0.298296894595684,0,0,0,0,0,-0.786937967309504,-3.01838482831764,-4.61985213262478,-3.86294734931708,-1.30796883586968,-2.1964644662691,0,0.663523319568146,0.0964223691043021,1.33872330562317,6.0664620782217,0.0485796243259644,-6.4022970939259,-0.45538992049745,-1.93264587245862,-5.38083220048915,-0.859761767562969,-2.650291265859,-2.27547783968179,0,0.596268008107143,-0.136008877346824,2.37504124761802,-3.49414444875349,3.1183585659445,-0.921840005482624,-2887.52714785509
1.13717890917792,0.545643627264441,-3.5500596958882,0.478828355928607,1.57621195126352,1.92297154473062,0,0.299213805172201,0,0,0,0,0,-0.787389363809635,-3.01928979368056,-4.62170747537019,-3.86312612548299,-1.30806483692212,-2.19727592484405,0,0.663621740425183,0.0962947070112982,1.33618016477366,6.17947213893607,0.0478395025712636,-6.51548547763014,-0.457762209172889,-1.93572312561036,-5.38921872146235,-0.862641569368586,-2.65554335651255,-2.28060395159311,0,0.595777504625149,-0.135008655409053,2.36750143574353,-3.48734378664195,3.11140926946847,-0.923700566494977,-2887.52617456262
1.13711217986952,0.545823351306676,-3.53558941966429,0.480476257490633,1.57529142264367,1.92186083606875,0,0.300114245444039,0,0,0,0,0,-0.786303970197864,-3.01678285372066,-4.61953244618841,-3.8603545635604,-1.30679551942143,-2.19534308464059,0,0.663769652705911,0.0965038169785511,1.3368716590257,6.38846039122645,0.0477862294722714,-6.72407841993075,-0.460848108701626,-1.93982109371009,-5.40225630033029,-0.866376100004291,-2.6627966536223,-2.28713649808584,0,0.594920102676903,-0.133242349427782,2.36334410340931,-3.47902882066768,3.10251715288014,-0.925793644635798,-2887.52458840711
1.13698189768735,0.546222348488011,-3.53095802699127,0.482329912988725,1.57461427039703,1.92088828928063,0,0.300650800756289,0,0,0,0,0,-0.783161193898175,-3.01216497139733,-4.6127833573244,-3.85465055488241,-1.3022699057539,-2.19008515880143,0,0.663698396523644,0.0968023059508182,1.34263578138539,6.69596225644047,0.0489522480901928,-7.030467930722,-0.463807597278443,-1.94347802525146,-5.41576500949642,-0.869742856312469,-2.6700953388076,-2.29313794084804,0,0.594110906702297,-0.130883086738638,2.36418231386694,-3.47171042268781,3.09508042343525,-0.927616106898902,-2887.52251283388
1.13723185532606,0.546801789803003,-3.53994943293315,0.483518727843001,1.57503743474886,1.92103683096476,0,0.300287856808596,0,0,0,0,0,-0.779686969705856,-3.00512855187078,-4.60403918457922,-3.84871735485147,-1.29827180350314,-2.18416641238352,0,0.663514232586004,0.0975741708456676,1.35089309805827,7.05875401386725,0.0511047262875987,-7.39210244110918,-0.463981393568016,-1.94397398618033,-5.42269132361495,-0.869952350630391,-2.6717161638702,-2.2933990566266,0,0.593566890189583,-0.130322512667435,2.37439742374327,-3.47162941043885,3.09409569230396,-0.926661786103739,-2887.52039840232
1.13635892231866,0.54606818670824,-3.55452041275527,0.482323840635683,1.57479210586586,1.92046382136655,0,0.299761929084225,0,0,0,0,0,-0.777646157897927,-3.0035196922314,-4.59987712139179,-3.8466856427932,-1.29549219935178,-2.18084865971786,0,0.663020062524143,0.0977528918777348,1.35741209177747,7.46335226998447,0.052207613554572,-7.79607594089792,-0.463054292172015,-1.94228474626824,-5.41780607120049,-0.868554380546809,-2.66941684616044,-2.29099169670017,0,0.593980113077038,-0.129528832692888,2.38298687348243,-3.47623942031345,3.09894197381004,-0.926028119403852,-2887.51842835278
1.13673994369653,0.546373619375371,-3.57101518628295,0.48073810725731,1.57644228064402,1.92249304640571,0,0.298490696095188,0,0,0,0,0,-0.777939127076782,-3.00217671126115,-4.6005439810471,-3.84856091392733,-1.29550219245676,-2.18119906743454,0,0.662505670198935,0.0985436434194418,1.36063020371268,7.9767761463237,0.0542226814963497,-8.31024045270655,-0.457337778488387,-1.93636959751884,-5.40419345711797,-0.862357928221703,-2.65761642288397,-2.27951445736776,0,0.594644271015098,-0.134316821062434,2.397582250374,-3.489031605118,3.11048413850708,-0.919489159858449,-2887.51646635311
1.13436325232384,0.543588401096408,-3.57881482894085,0.476098770277314,1.57527216271935,1.92107615486326,0,0.298218932205418,0,0,0,0,0,-0.781102809871312,-3.00925491296984,-4.60904788007087,-3.85606480134455,-1.30034590463351,-2.18708123379358,0,0.662108354024644,0.0983277051028758,1.35631909534704,8.56905518961764,0.0521644955962665,-8.90391519805311,-0.454582920088962,-1.93216588095297,-5.38322448001355,-0.859123604849535,-2.64922937809902,-2.27401604246732,0,0.596026680547602,-0.134912912697453,2.39849869985967,-3.49963773316313,3.12116482062068,-0.918641873995057,-2887.51487571811
1.13465750092359,0.543943174168156,-3.57551089211501,0.474962639126348,1.57625057446672,1.92279907528948,0,0.297902412655561,0,0,0,0,0,-0.784086571204543,-3.01401372506887,-4.61717150255381,-3.86175368325934,-1.3026937535897,-2.19175865179307,0,0.661990758221365,0.0982221481803766,1.35084427085582,9.06153354622584,0.0523604504372774,-9.39808201054562,-0.450843427537986,-1.92880262403802,-5.37351101386613,-0.855456331375055,-2.64115970983299,-2.26687163921779,0,0.596502634225938,-0.139615072411916,2.39752176436012,-3.50610480582595,3.12746553369995,-0.914087785006722,-2887.51409777675
1.13392494053074,0.543095745690847,-3.56771645063786,0.474196776394852,1.57549353921377,1.9219502621198,0,0.298348091550716,0,0,0,0,0,-0.78589930281506,-3.01620535183595,-4.62078276493097,-3.86407843385464,-1.3056184972179,-2.19511931079752,0,0.662279654103332,0.0980194022744201,1.34640426860945,9.38983231578873,0.0509673391495507,-9.72693064182758,-0.451416857836653,-1.92935299654523,-5.37344870745766,-0.856325888122025,-2.64213532922022,-2.26861555743805,0,0.596419208569573,-0.139547226490311,2.3931169658807,-3.5058141665134,3.12644620725615,-0.914935636679426,-2887.51381889396
1.13382799233365,0.543103015589018,-3.56194986842568,0.474563687489023,1.57521973521393,1.9216416736163,0,0.298667603003719,0,0,0,0,0,-0.786025770200188,-3.01690141952209,-4.62130576317857,-3.86392783957558,-1.30573763595546,-2.19523411345466,0,0.662474110534236,0.0977663514196323,1.34506483945711,9.70346419850359,0.0506095698793464,-10.0405827786125,-0.452411345655171,-1.930549955662,-5.37674016550255,-0.857475331010501,-2.644318823398,-2.27062532156526,0,0.596186014511435,-0.138986116417443,2.38932472024558,-3.50306750481336,3.12397427736438,-0.915934180884337,-2887.51366457221
1.1339839205723,0.543319834952833,-3.55910985026851,0.475237648924106,1.57510728335298,1.92143870808133,0,0.29886417955153,0,0,0,0,0,-0.785688771913518,-3.01603107671909,-4.61994041731268,-3.86261120072392,-1.30516748886307,-2.19457697607277,0,0.662664353027722,0.0976956192258317,1.34532304708325,10.1501268684746,0.050561548592832,-10.4869602759691,-0.453455634655203,-1.93179233628519,-5.38100721114408,-0.85866955307035,-2.64688879022556,-2.27284162358384,0,0.595923402160606,-0.138270149089475,2.38793415286588,-3.50020629978236,3.12101012885462,-0.916818655519063,-2887.51352454191
1.13424820058448,0.543611754608589,-3.56013741482433,0.475786671102088,1.57523267422665,1.92149959676067,0,0.298837848544934,0,0,0,0,0,-0.784798616476281,-3.01477911610777,-4.61796464540548,-3.86117179288047,-1.3042203479666,-2.19306779169116,0,0.662695373954532,0.0977674258816771,1.34670955812161,10.7357866269524,0.0508550673207958,-11.0723100952506,-0.4539635156167,-1.93235700337731,-5.38328316631076,-0.859140967519471,-2.64810852252819,-2.27367608687735,0,0.595791280228565,-0.137660343049456,2.38818095715331,-3.49870925825169,3.11980751658437,-0.917322302395978,-2887.51340966541
1.13440279430908,0.543706517139962,-3.56268427438915,0.475820262745049,1.57533135039733,1.92159009504067,0,0.29871807639785,0,0,0,0,0,-0.784650462944516,-3.01419891436544,-4.61716090985218,-3.86076106986555,-1.3037474085911,-2.1926668096339,0,0.662617996475847,0.0978364262474798,1.34774405200899,11.4013463023757,0.0510942219020399,-11.7377137298184,-0.453810994689873,-1.93216912642764,-5.38289586369287,-0.85894732448242,-2.64783520914832,-2.27333242211605,0,0.595874625451099,-0.137729989709895,2.38982636873394,-3.49920443447928,3.12012703027986,-0.917032788141673,-2887.51333717267
1.13442973130625,0.543704256173264,-3.56447740114323,0.475694015681967,1.57544680346218,1.9217390205275,0,0.298608098393174,0,0,0,0,0,-0.784364772419034,-3.01406987671576,-4.61708748133965,-3.86089661449921,-1.30371429606934,-2.19241591762449,0,0.662512754550847,0.0979270028461069,1.34813498871808,12.0495915081546,0.0512277735060555,-12.385989743216,-0.453427525945674,-1.93166915120939,-5.38152754296368,-0.858435011426744,-2.64688595812166,-2.2724110980461,0,0.595939599949991,-0.137836692387429,2.39070034677034,-3.5002203652759,3.12135315164504,-0.916815413635865,-2887.51330365057
