"b_Income","b_HH_Member","b_Caste","b_Elderly_DiffAble","b_NotPlanned","b_10k_All","b_CurrentPolicy","mu_worst","b_Income_SQ","b_HH_Member_SQ","b_Caste_SQ","b_Elderly_DiffAble_SQ","b_NotPlanned_SQ","b_10k_All_SQ","logLike"
0,0,0,0,0,0,0,1,0,0,0,0,0,0,-3485.29398862085
0,0,0,0,0,0,0,1,0,0,0,0,0,0,-3485.29398862085
0.296328582044225,-0.11694369968609,-0.613892110413872,-0.0912636111024767,0.126905617798911,0.0654587427561637,0,1,0.122328360157553,-0.0331506635120604,-0.287606656638673,-0.0541916117072106,0.0559558073291555,0.028011147514917,-3209.28775243034
0.287579212719833,-0.179495963827172,-0.768001881444204,-0.133744463090264,0.0989408553045019,0.0432129025051461,0,1.26608756988387,0.0574960981798253,-0.0368145703314033,-0.306450331452383,-0.0749844642801208,0.0215033493654581,0.00815000450717342,-3158.60196713582
0.378812247558727,-0.404928246685843,-1.04290101808268,-0.411305679998287,-0.0267200738513325,-0.307961968626992,0,1.29945008897121,-0.15416338803164,-0.0277313581176244,-0.051511713879199,-0.196971955966358,-0.164990025141839,-0.269144194013964,-3140.73627408701
0.162697680677653,-0.723305520605175,-1.49824996960984,-0.528794280142056,-0.229224948222637,-0.353531872246198,0,1.12613760085326,-0.62285973084326,-0.0330270244196118,0.218867873769985,-0.199144305790281,-0.414740018241712,-0.375947539286427,-3135.02978192271
0.148429321873801,-0.683267717553769,-1.53268032468012,-0.596438118984002,-0.20014808202626,-0.327236833151175,0,1.1250667380528,-0.654892323056187,0.0136836140071799,0.275007338069019,-0.217123652428917,-0.393867022510161,-0.348468230672959,-3134.93511241386
0.300100201781818,-0.697354711605101,-1.6608756154342,-0.576895033566843,-0.120325763234262,-0.268271225113813,0,1.19162113784577,-0.627626551203131,0.141221503418546,0.67144813812408,-0.0206690901766674,-0.265380875282247,-0.187512058987932,-3132.54779806022
0.30293802251233,-0.647619761874627,-1.72584464489111,-0.558314148434346,-0.166119094247842,-0.309678666656428,0,1.20177465181903,-0.586562235038441,0.235909768871892,0.725802188146593,0.0625975135426674,-0.230824551849555,-0.143617184451053,-3131.36600522798
0.0256240278039055,-0.927683839557273,-1.89702664644958,-0.816529440718577,-0.433371810521457,-0.5781420037757,0,1.24908838689055,-0.109674309928169,0.572973129259693,0.798833976576905,0.404386793912559,0.235579071525601,0.303462318251354,-3112.76265221331
0.0850967149942006,-0.864917112517062,-1.87193526766095,-0.777374059430315,-0.470750334350733,-0.470508190734816,0,1.272263374837,-0.0504228060105721,0.46138243694363,0.714058780855415,0.243736986320831,0.090293894485246,0.289685967753476,-3108.86083761001
0.105071970053254,-0.715876756607585,-1.84134722728009,-0.573723312840168,-0.260145174253147,-0.387740102659024,0,1.31334260107,-0.0654944784390571,0.195062440326518,0.469362489234781,-0.0490194162386867,-0.0855142048761958,0.116311784847726,-3093.4052976638
0.19810352440715,-0.704589840202082,-1.77568542284353,-0.580326577316431,-0.236129833340274,-0.334699798685175,0,1.31886356822301,-0.17833550826292,0.178446252841005,0.333057029507032,-0.0324427364665997,-0.104314347387792,0.0521943574722379,-3088.68902033169
0.314708583908119,-0.623137804161485,-1.78031273882227,-0.522143644019231,-0.313332664696957,-0.448293729133553,0,1.23308583514269,-0.364673295271634,-0.00433301829426735,0.246723720945781,-0.159529996574722,0.0248852497727067,0.208462093534305,-3086.78227527783
0.477050210679588,-0.753955705247182,-1.79669533150304,-0.413480017294831,0.00169003114700023,-0.277260470945669,0,0.61922967999738,-0.44610279591802,-0.0157168338563199,-0.290433058510823,-0.422536674673491,-0.197224725931463,-0.087871649307405,-3079.00403846236
0.444877068863521,-0.688613862936745,-1.82806429668492,-0.486426009429226,-0.0339170890859709,-0.235346186623162,0,0.620518609850066,-0.414485007528779,-0.143988486406103,-0.277158976510926,-0.32829010297909,-0.157071714260994,-0.177695548194362,-3076.91289638262
0.392358948698139,-0.726442764645037,-1.86778377820843,-0.561854994602627,-0.0515054461645397,-0.278541958336751,0,0.767625992449299,-0.390771703186912,-0.104502986373319,-0.255764371129023,-0.241151819462454,-0.190834619338269,-0.14711841925922,-3061.80410472763
0.391086028768321,-0.75977755558387,-1.89317974350486,-0.518607689896184,-0.127546669277577,-0.22576833350727,0,0.779127224143328,-0.389444181826565,-0.0486780064514295,-0.22948930188675,-0.315680810629751,-0.069291755731674,-0.236768242623069,-3060.83923820107
0.222722005092361,-1.02188867589789,-2.60288647638962,-0.880321397094496,-0.3018442388945,-0.487134011300561,0,0.836089773633888,-0.364388950181771,0.0684274882972325,-0.0536874399948629,-0.0762622380446934,-0.122295196526462,-0.00934826290072022,-3048.77449980157
0.262790839298021,-1.0244027837123,-2.66517368624651,-0.818844193721476,-0.263197771052568,-0.440821926129383,0,0.693852533378009,-0.361483893347603,0.0654433832975463,-0.0638768729814076,-0.162888928785239,-0.126218562239305,-0.0371177221321842,-3039.54526390483
0.279245590030318,-1.07048419934869,-2.95560877098563,-0.805367382052646,-0.243950921726567,-0.405243284167964,0,0.563058067209506,-0.342927140467088,0.0898483195078824,-0.0249737319657179,-0.218880653135678,-0.131717121536455,-0.0569381010244079,-3035.90551171344
0.287391306600182,-1.07360209170377,-3.11507265931923,-0.776847597700516,-0.225001471093408,-0.371952531382114,0,0.555066749511817,-0.326393593515333,0.113843298515115,0.0208593181197193,-0.242754245919432,-0.136342235054749,-0.0715459360298034,-3033.57714524386
0.278415621129102,-1.10148354118089,-3.5075671833692,-0.780542507715612,-0.229054675499458,-0.374059260467347,0,0.512673262305452,-0.331835113438718,0.12346154357993,0.109681129686986,-0.261980354501351,-0.150753305662199,-0.0672073799178379,-3031.27960085232
0.271177599521679,-1.11453647383466,-3.72239742450057,-0.794952020085669,-0.240143800325153,-0.391421962901582,0,0.48562660730239,-0.340763274633951,0.114629410848284,0.152202523712457,-0.260574830023005,-0.150048771870393,-0.0566959377231975,-3030.83536799312
0.269247369508569,-1.11336637504636,-3.82080967101171,-0.798805841135186,-0.244487069238801,-0.400802569083211,0,0.479830907901284,-0.344434837274687,0.10626628157989,0.170680542660901,-0.256785599652026,-0.145761834174296,-0.0505932138042969,-3030.76159917457
0.269715190376379,-1.11588789901117,-3.8693687125829,-0.799421994152523,-0.244860963104523,-0.402887814688342,0,0.468839742772389,-0.344632232215887,0.10429883811893,0.174233571037324,-0.259517314344094,-0.144192219054648,-0.0490184372261591,-3030.75549991578
0.27005752471314,-1.11366817966306,-3.84821786594727,-0.797827641491484,-0.24410501625343,-0.401730938084253,0,0.473283974405927,-0.344160202659091,0.104582381250765,0.168980107149802,-0.259337617940868,-0.144416099330827,-0.0497784468202404,-3030.74997013379
0.2701853321288,-1.1130018421349,-3.84551949618232,-0.797245605737348,-0.243984217394861,-0.401710589270749,0,0.47349690658789,-0.344069010635262,0.104253285887512,0.165205342127623,-0.259810332987817,-0.144269117254758,-0.0497787853729839,-3030.74931888544
0.270315906678974,-1.11139948936243,-3.8384330376266,-0.796166323723787,-0.244059700834786,-0.401936605213021,0,0.473575037498598,-0.343989541713159,0.103160437856903,0.151324641288784,-0.260899165436962,-0.143790149837586,-0.0495358800234411,-3030.74814750032
0.270290847553355,-1.1114754532703,-3.83842294078022,-0.796217066979784,-0.244113242424081,-0.401832321095324,0,0.473387157721084,-0.344022207124868,0.103148337939391,0.151293316108467,-0.2608658051713,-0.143823338390647,-0.0494887289077181,-3030.74813785501
