"","Estimate","Std.err.","t-ratio(0)","Rob.std.err.","Rob.t-ratio(0)"
"b_Income",0.270290847553355,0.113283237222888,2.38597390204828,0.152967284549916,1.76698467485153
"b_HH_Member",-1.1114754532703,0.140241971969728,-7.92541232599195,0.202889277618973,-5.47823653528727
"b_Caste",-3.83842294078022,0.395002810894022,-9.71745728110795,0.457299110645859,-8.39368118463885
"b_Elderly_DiffAble",-0.796217066979784,0.130515656601538,-6.10054829981525,0.1813132715524,-4.39138878341664
"b_NotPlanned",-0.244113242424081,0.120320579752645,-2.028856933086,0.169641012299128,-1.43899897268731
"b_10k_All",-0.401832321095324,0.127047581934355,-3.16284902850767,0.184416977764947,-2.17893344726367
"b_CurrentPolicy",0,NA,NA,NA,NA
"mu_worst",0.473387157721084,0.0507277630825449,9.33191469434169,0.0624794078061124,7.57669085453099
"b_Income_SQ",-0.344022207124868,0.162856134077158,-2.11243014624108,0.20182317946305,-1.70457232930399
"b_HH_Member_SQ",0.103148337939391,0.193967139647109,0.531782538666354,0.280077184414016,0.368285400166387
"b_Caste_SQ",0.151293316108467,0.342558282645102,0.441657153755674,0.453529837419806,0.333590656282277
"b_Elderly_DiffAble_SQ",-0.2608658051713,0.1917926172048,-1.3601451868856,0.263515073361638,-0.989946426378797
"b_NotPlanned_SQ",-0.143823338390647,0.172875266447952,-0.831948614430326,0.243004375275691,-0.591854933589069
"b_10k_All_SQ",-0.0494887289077181,0.181529511963973,-0.272620844799824,0.267357733287674,-0.185103038910301
