"b_Income_C_1","b_HH_Member_C_1","b_Caste_C_1","b_Elderly_DiffAble_C_1","b_NotPlanned_C_1","b_10k_All_C_1","b_CurrentPolicy_C_1","mu_worst_C_1","gamma_WI_Q1_C_1","gamma_HH_4_OrMore_Y_C_1","gamma_Informal_C_1","gamma_Benefit_Subsidy_Y_C_1","gamma_Benefit_Subsidy_DK_C_1","delta_C_1","b_Income_C_2","b_HH_Member_C_2","b_Caste_C_2","b_Elderly_DiffAble_C_2","b_NotPlanned_C_2","b_10k_All_C_2","b_CurrentPolicy_C_2","mu_worst_C_2","gamma_WI_Q1_C_2","gamma_HH_4_OrMore_Y_C_2","gamma_Informal_C_2","gamma_Benefit_Subsidy_Y_C_2","gamma_Benefit_Subsidy_DK_C_2","delta_C_2","b_Income_C_3","b_HH_Member_C_3","b_Caste_C_3","b_Elderly_DiffAble_C_3","b_NotPlanned_C_3","b_10k_All_C_3","b_CurrentPolicy_C_3","mu_worst_C_3","gamma_WI_Q1_C_3","gamma_HH_4_OrMore_Y_C_3","gamma_Informal_C_3","gamma_Benefit_Subsidy_Y_C_3","gamma_Benefit_Subsidy_DK_C_3","delta_C_3","logLike"
0.85903,0.08217,-2.82649,0.21167,0.99187,1.22662,0,0.39944,0,0,0,0,0,0,-1.18413,-3.91778,-5.93506,-4.61478,-2.04222,-3.01522,0,0.59315,0.9679,0.62279,2.28962,-0.03484,-0.1,-3.43457,-0.98739,-2.38821,-5.56696,-1.57143,-3.43537,-3.2169,0,0.84059,1.71258,4.55203,-5.20882,3.80303,0.1,-5.64276,-2869.2701306553
0.85903,0.08217,-2.82649,0.21167,0.99187,1.22662,0,0.39944,0,0,0,0,0,0,-1.18413,-3.91778,-5.93506,-4.61478,-2.04222,-3.01522,0,0.59315,0.9679,0.62279,2.28962,-0.03484,-0.1,-3.43457,-0.98739,-2.38821,-5.56696,-1.57143,-3.43537,-3.2169,0,0.84059,1.71258,4.55203,-5.20882,3.80303,0.1,-5.64276,-2869.2701306553
0.865758496373398,0.0735773305262718,-2.82655486516213,0.201337612680933,0.988641439327858,1.21986276359403,0,0.399298828232391,0,0,0,0,0,0,-1.18890310095448,-3.9148425685819,-5.93472748873703,-4.6203255348047,-2.04260780854084,-3.01515438905221,0,0.605124898370681,0.952064442139445,0.672940920287706,2.34559956260317,-0.0348142249201518,-0.239045532705495,-3.38197725014708,-0.987893405317431,-2.39114359335046,-5.56651773091642,-1.57268199221657,-3.43105795828964,-3.21601202394287,0,0.831029555404009,1.71299351086111,4.54470900420819,-5.20857865648594,3.80265707079249,0.0131017102627084,-5.64997645847079,-2869.06148831187
0.873836960241305,0.0647356553148808,-2.8256222513975,0.198187303746766,0.970615974392555,1.22339162011326,0,0.377438056048254,0,0,0,0,0,0,-1.22291726282034,-3.8957127534415,-5.91674483307467,-4.63236607690218,-2.03496940192787,-3.00547206583791,0,0.524017706016877,0.812346159186836,0.730755426497071,2.41571586335709,-0.165871002484208,-0.961911674337274,-3.33203334059108,-0.991046174161962,-2.39478570923652,-5.5708464410379,-1.57293308712859,-3.41696857597872,-3.21267449472943,0,0.824139906615441,1.71786269431591,4.51839490546456,-5.20484235741542,3.80490272800217,-0.428304392437731,-5.67589597924363,-2868.72140288031
0.875300793966131,0.0645024700602886,-2.82799368279938,0.199477971187755,0.968500386033888,1.22425268884058,0,0.39749629941181,0,0,0,0,0,0,-1.22750614152935,-3.89194435428679,-5.91623465722467,-4.6344553445699,-2.03197477726206,-3.00284100837946,0,0.528782200178253,0.787889481023095,0.736920735937734,2.42410670271698,-0.191653822863986,-1.07816871981034,-3.32749164042037,-0.991503912686701,-2.39476160711406,-5.57217777346828,-1.57267263720322,-3.41509295210006,-3.2121903182907,0,0.826341748989136,1.71870681946472,4.51566627693775,-5.20419927976084,3.80561827379848,-0.500853153377361,-5.67846525438595,-2868.3206531411
0.872624712277213,0.066261648878793,-2.82732972630994,0.206053763810985,0.966976785209203,1.21411963504058,0,0.374036559967438,0,0,0,0,0,0,-1.22805656648843,-3.88340185964283,-5.92093589473468,-4.64127613823519,-2.02151714789147,-2.99548949104691,0,0.592789079005264,0.743786893184628,0.740797537231948,2.43407674674847,-0.25247687898148,-1.25141781689473,-3.32736562774077,-0.991832037241246,-2.39119078908498,-5.57589298231767,-1.57156741569694,-3.41535382539638,-3.21297783568472,0,0.841967197314582,1.7201520908021,4.52024314437437,-5.20311827278838,3.80806761602636,-0.620515141712564,-5.67322366909234,-2868.18116122072
0.876568022637207,0.07334076069325,-2.8330894443722,0.201195911195017,0.968957154080943,1.14827093162086,0,0.378242506940457,0,0,0,0,0,0,-1.21925877384975,-3.88570773409252,-5.90978825452633,-4.65618723913475,-2.01675339612315,-2.97773389107705,0,0.588384076154589,0.695852183231167,0.757127811724241,2.48112843180491,-0.37427585844709,-1.3079620306565,-3.30656910264865,-0.991322567528035,-2.37708126228081,-5.57549341695231,-1.57147529763918,-3.4335399713851,-3.2200353977562,0,0.862481479667001,1.72128170469573,4.5732892859498,-5.20022675898268,3.81699261060737,-0.736999155221138,-5.61792704734805,-2867.83657380224
0.82465706971136,0.0365496059356237,-2.84236324283908,0.167101625050821,0.931697729093382,1.16208957031513,0,0.383381833789616,0,0,0,0,0,0,-1.19568852453542,-3.89765549676608,-5.88017372760821,-4.70853364500646,-2.00756294024821,-2.9208760728673,0,0.596310645145363,0.593733982359228,0.77622924893196,2.58135594013003,-0.627484966243769,-1.34452204019436,-3.27553498895126,-0.991945767136211,-2.37561768694152,-5.55210550895695,-1.57639578925766,-3.46109928018034,-3.22424452039144,0,0.782854011576556,1.71595474046657,4.66622561837022,-5.21468985757868,3.79767060832535,-0.971666859393437,-5.52531620317488,-2867.61571755584
0.819043371906548,0.0287900986641861,-2.8440723155593,0.162348203956043,0.930781061665153,1.17061849612181,0,0.383991347477321,0,0,0,0,0,0,-1.19089201365798,-3.898556514153,-5.875274021685,-4.71839464137964,-2.0054012244755,-2.91585436372188,0,0.594558809064055,0.582574424079806,0.775075182325991,2.59531970377272,-0.645638878879436,-1.33858115831515,-3.27332297339056,-0.987579503179905,-2.37656174694662,-5.55446245969091,-1.574663259643,-3.46267725262472,-3.22177843510745,0,0.796423536654685,1.71346498008829,4.66993369378821,-5.22098907602509,3.78642260234959,-0.999474632886864,-5.52217541179027,-2867.51051614491
0.830699827456318,0.0247034967104768,-2.85843589697195,0.175134315748893,0.939159283858465,1.14521889622097,0,0.388086691168517,0,0,0,0,0,0,-1.15546713381914,-3.88969002882946,-5.85182464415647,-4.77622333188926,-1.98893421968205,-2.9101956069453,0,0.591291450253735,0.529029298459641,0.733518958532968,2.66031077621058,-0.683034497660983,-1.27218629369004,-3.28732847438112,-0.965722463810287,-2.39808531292319,-5.55959297483376,-1.56279934286989,-3.44886029858451,-3.2063620495213,0,0.794787317981247,1.69103490638129,4.66210988893243,-5.27128202095319,3.68982799044807,-1.15116538464241,-5.53516516437894,-2867.1458148887
0.804729156236255,0.0619774670346326,-2.87337054563287,0.197113690385676,0.893918110822398,1.14162661189858,0,0.391606450148156,0,0,0,0,0,0,-1.15256062700139,-3.86586906922932,-5.85157361024898,-4.79968339391082,-1.99075658341962,-2.91693040553029,0,0.587335677993442,0.512046351186054,0.682782841347878,2.72029142397967,-0.647344664223733,-1.19850799373999,-3.31260394160083,-0.979424975572197,-2.3845656562974,-5.56424837306734,-1.56168246620435,-3.43640171094552,-3.21060390457015,0,0.808177689534099,1.66973976269145,4.69007276783905,-5.30105772314218,3.62081698589239,-1.28801541139808,-5.50610513264236,-2866.91482021093
0.81012642557804,0.0396113342918251,-2.89277892812764,0.174587968353406,0.921581677048593,1.14664573543596,0,0.394366349275714,0,0,0,0,0,0,-1.17118988657368,-3.83443248048595,-5.87232639492249,-4.80063893062567,-1.98265466621659,-2.932525345326,0,0.5845882287007,0.518890028793471,0.580697654335848,2.8030242431846,-0.549610451333454,-1.06779438454865,-3.3851067630606,-1.01865110279509,-2.34524002926221,-5.56482427547265,-1.57312303020552,-3.42305194985942,-3.23164855433127,0,0.814335005283185,1.63238998568309,4.76333301579394,-5.33884640352358,3.51896175733052,-1.51957921640685,-5.42513843285561,-2866.39578636116
0.864176241827323,0.0210980827661023,-2.89407411961562,0.194870390876591,0.899497965020252,1.16322650311825,0,0.39336160174713,0,0,0,0,0,0,-1.18797740462247,-3.85195575723525,-5.90073952839609,-4.74992117819299,-2.00204221950568,-2.93460746371098,0,0.586399785234537,0.572832206744845,0.541891327040674,2.84430475499705,-0.50832722261709,-0.985243867409301,-3.44086343795967,-0.993071202870968,-2.3577664659305,-5.56340300129693,-1.5757563322234,-3.4453065086994,-3.22497917345343,0,0.823268576136981,1.60739802493573,4.79708383200059,-5.35441018191348,3.46064675405071,-1.65519081979962,-5.3800977391916,-2866.24177759116
0.846167613009163,0.0599525256009287,-2.88844845496695,0.210103838582138,0.948451943626978,1.1796452424067,0,0.395061055365525,0,0,0,0,0,0,-1.23217958909926,-3.8976143013381,-5.94501671536293,-4.65070046968879,-2.02869573165314,-2.94058052294183,0,0.5877987762488,0.673634048111949,0.518628173401322,2.89674023206747,-0.464596699099358,-0.869776958809182,-3.52358693424225,-0.939581645739831,-2.39637824103822,-5.55994039182534,-1.57084570237991,-3.48805100434061,-3.20723118478876,0,0.829359420474913,1.57063094600967,4.81990432239385,-5.37301192664555,3.37653200142011,-1.83826385805588,-5.33689257305093,-2866.07124102869
0.860316935832197,0.0839223475640389,-2.87645578240888,0.189099791210769,0.953054257802383,1.19140564311519,0,0.39572535013747,0,0,0,0,0,0,-1.220758670397,-3.91056096668928,-5.94488901740432,-4.63040720023406,-2.04165563178731,-2.95773105713,0,0.590377251601916,0.685938572177738,0.538397694667684,2.89571099286821,-0.461510069629524,-0.843454651877101,-3.55101265161252,-0.950906881360928,-2.39552702067556,-5.56257926024168,-1.55788326622929,-3.48414225234273,-3.21660441748596,0,0.832057278908686,1.56470271254578,4.81017527587841,-5.36923599943492,3.36493128248229,-1.87264082198389,-5.3347995993516,-2866.02625054304
0.858465820749097,0.0777230652995026,-2.85282478667242,0.210623028576385,0.965029493669566,1.19894392962585,0,0.399418581165677,0,0,0,0,0,0,-1.20623145679736,-3.9285516372853,-5.93527481080535,-4.60839730892692,-2.05842955030772,-2.98954336918331,0,0.59163203776663,0.690899969967569,0.585660450565379,2.88763250311472,-0.453629436082943,-0.808611950011643,-3.59056366519286,-0.977041297879985,-2.3877033789065,-5.5687665830024,-1.53984525771322,-3.47160528355077,-3.23369908106873,0,0.836127059456797,1.55867884634112,4.78977658909268,-5.35589111386681,3.35936852270932,-1.91378176516538,-5.3311287387453,-2865.95839489663
0.85257078936062,0.0589139096650632,-2.76926219433532,0.191536378584077,0.95173479284039,1.17586656698651,0,0.413271826769755,0,0,0,0,0,0,-1.24897947765437,-3.92297221536154,-5.87205569498505,-4.64238889086238,-2.06703671217084,-3.03918057817758,0,0.603755726817827,0.662519729598231,0.741186393044316,2.82246404397337,-0.400521932283812,-0.73385685319066,-3.71337858263241,-0.957861750772965,-2.35923051586844,-5.58905352214769,-1.61348231195747,-3.47204525856915,-3.22772886394427,0,0.841442250250236,1.54534050496564,4.70205691170438,-5.30075785276631,3.37694975894342,-2.00206613719436,-5.3107543718577,-2865.94145161026
0.824866775729015,0.0227605991285429,-2.75752397437078,0.156392115807471,0.927507234066264,1.13091650013607,0,0.420246244981446,0,0,0,0,0,0,-1.23981592646866,-3.91880721819522,-5.85159498631368,-4.71227296169474,-2.07758925017171,-2.99898928516541,0,0.607034282810959,0.688796222318068,0.765145520174142,2.791385353676,-0.365098453729985,-0.741898276258205,-3.75025296280622,-0.985611680457175,-2.38417754495932,-5.59859087050864,-1.55567473036341,-3.50656376600363,-3.22403791477518,0,0.844351743424386,1.5414757003149,4.64597581754753,-5.26792778434727,3.39308050544571,-2.03444689959106,-5.28485099249162,-2865.92546025486
0.800650982471135,0.00234026343729626,-2.80170557145972,0.144135006997605,0.914336591341573,1.1160816074605,0,0.420353398467812,0,0,0,0,0,0,-1.17629106178878,-3.92326996333536,-5.87405133567018,-4.77339420896483,-2.03847774767454,-3.00052609135156,0,0.597936630912692,0.753358826989324,0.732571039452407,2.79322337571161,-0.377551226555813,-0.786710493390329,-3.73236848263576,-0.971976569038655,-2.38187986833268,-5.61693053435669,-1.56851084458815,-3.47830550790505,-3.26787679105039,0,0.844868642350386,1.53952193056328,4.59591977646514,-5.24258013936188,3.39719749318284,-2.05361834426328,-5.25109782262057,-2865.87087844273
0.824135778388321,0.0182621136697623,-2.86765533671741,0.168127395650196,0.929957495276211,1.14052690053495,0,0.409949499537119,0,0,0,0,0,0,-1.17251673024913,-3.91666870957134,-5.93882308435249,-4.78553630238611,-2.00034335130072,-2.98866849075565,0,0.5860483279927,0.742658933611417,0.695684657836993,2.82331147867304,-0.416158269440851,-0.829262706688717,-3.68053140013879,-1.03128028125287,-2.35404052861976,-5.63356109421236,-1.59018705932468,-3.49359687495835,-3.23409975157299,0,0.844267344287241,1.53959108792828,4.55567195202279,-5.23283187040265,3.35950442617617,-2.06560848782907,-5.23001605468215,-2865.84747488566
0.855269831048759,0.0480216482887231,-2.91614942363692,0.194686649297376,0.963787525998861,1.18127757158185,0,0.39713856252659,0,0,0,0,0,0,-1.18277233589336,-3.90138214211448,-6.01979343931887,-4.75767171277126,-2.01114339595506,-2.96024396386485,0,0.576238754605488,0.624558242206691,0.651304420654411,2.86386944106984,-0.425154007245183,-0.870919640225104,-3.61674662942039,-1.01746653370389,-2.3820446633763,-5.64400374732648,-1.57789063961541,-3.48190710241726,-3.26920462630035,0,0.84237382094091,1.54191640388359,4.55489799922728,-5.22170690204923,3.31519292594458,-2.08215076660554,-5.17774782367146,-2865.81119803153
0.857158249175466,0.0493522512064635,-2.8688633434111,0.19204696416779,0.956671655497649,1.18317586251005,0,0.40058530814644,0,0,0,0,0,0,-1.21120823663026,-3.91558085169418,-6.00663821766636,-4.74274879248605,-1.99563974984533,-2.9996241844619,0,0.580688460872105,0.610218108358218,0.624123770187605,2.88024858572486,-0.43262810830521,-0.875653103708853,-3.60017076786729,-1.0093399417194,-2.38850104106368,-5.63969887407799,-1.55848008209181,-3.49164301217911,-3.27754782106072,0,0.840817513867743,1.53699197799256,4.56100204206771,-5.22703730751954,3.28899442126444,-2.09708928815718,-5.15828281519007,-2865.79324418046
0.84461202729674,0.0437471687495461,-2.76400971714928,0.18465947968003,0.956774708769749,1.17223548059392,0,0.411386449840868,0,0,0,0,0,0,-1.2114526206042,-3.93743285028051,-5.96181146007287,-4.71961671668318,-2.07327491711378,-3.0331174019624,0,0.594621300101197,0.618313994825055,0.581249852682513,2.8991842575359,-0.439954808031575,-0.876403523781904,-3.59210460243501,-0.997721289817509,-2.37049821756971,-5.63673842281642,-1.57745140215631,-3.50368874603117,-3.26472169634686,0,0.836928264174944,1.52485531055377,4.56739165149808,-5.2396179761546,3.24004880759535,-2.1329955304558,-5.12995272634283,-2865.78217240317
0.843948654540085,0.0417365129985123,-2.76405707454699,0.182776295249893,0.954562940548393,1.16919774410909,0,0.41153764695564,0,0,0,0,0,0,-1.21987859280414,-3.93843965572735,-5.95694265491699,-4.71854673883633,-2.0789316987581,-3.03121575537469,0,0.596066534385228,0.624607280758119,0.584592665860055,2.89714732420992,-0.442485023053919,-0.872606046737463,-3.59575248710242,-0.998881023903597,-2.37095454678273,-5.6387880591885,-1.57830654547265,-3.49724279630028,-3.26718773065009,0,0.837411167621485,1.52321833692648,4.56484685025137,-5.24035484016492,3.23719908589865,-2.13837332206558,-5.12957674379961,-2865.77278998961
0.832777950882986,0.0302869711396796,-2.82077160977604,0.170277780170361,0.942211928621128,1.15677311866894,0,0.40854501583262,0,0,0,0,0,0,-1.22062534498684,-3.94195421611196,-5.93157169130313,-4.71876949237748,-2.08565992086331,-3.04879569691998,0,0.599693666932311,0.648982173181354,0.632952821343276,2.86805839742174,-0.431069170085077,-0.844605880687915,-3.63632981090642,-0.994712616533124,-2.38464714921126,-5.64331257239694,-1.58082305297821,-3.50540759342793,-3.26205324714196,0,0.836335315886466,1.51309035022324,4.55142872705935,-5.23387954839565,3.24665312166372,-2.17517817179116,-5.11694444260911,-2865.74051392873
0.836052968999606,0.0361362977722307,-2.8330808520111,0.176438013683853,0.942172711575728,1.1584783197461,0,0.407636045726086,0,0,0,0,0,0,-1.21732381643475,-3.95992563095306,-5.93190901552151,-4.73265341960322,-2.0680504911399,-3.02248408978589,0,0.597893362536415,0.658307158847765,0.656833052157595,2.85406539488312,-0.418461595603687,-0.830500659792431,-3.65186933968285,-0.989956965925631,-2.36468623963524,-5.6384820110217,-1.58006853758686,-3.52203021195909,-3.28349785340646,0,0.834318519167304,1.50749728546329,4.52931496678423,-5.22601566724281,3.25646658060445,-2.19986943645001,-5.11482014779402,-2865.73930139306
0.838163316539048,0.0388617181023704,-2.82414468574031,0.180040626993426,0.943725789186001,1.16124295272155,0,0.408486256927076,0,0,0,0,0,0,-1.20988696105719,-3.94550678815025,-5.95242737939145,-4.74237584044044,-2.05115368620061,-3.00894225509532,0,0.592256227131738,0.666619340071666,0.668985905185575,2.8455787478581,-0.416449365381958,-0.821402168078948,-3.65494265110356,-0.994859338395779,-2.37422321930571,-5.6501256775064,-1.5814067451013,-3.5188389117665,-3.28403955653203,0,0.834283333549641,1.50620600813106,4.5130032369309,-5.21014265847009,3.26786142919039,-2.22234423458539,-5.10811266372654,-2865.72775538625
0.834793261710314,0.0348734869498576,-2.82644406622931,0.1753075679748,0.939502770923684,1.15622018131984,0,0.408461240357993,0,0,0,0,0,0,-1.20925971120805,-3.95059713416602,-5.95830590817252,-4.73748543938378,-2.04871542144662,-3.0074728016804,0,0.591786819683899,0.661408167010632,0.666623436783432,2.84271891711795,-0.416374171393687,-0.82327165085902,-3.65024711900154,-0.998155367759944,-2.37640960237787,-5.65930018032426,-1.58298942002351,-3.51282490024614,-3.28039426211394,0,0.833960824896285,1.50471363293941,4.5050443462083,-5.20108711578925,3.26064703935174,-2.23629909106671,-5.10186155109594,-2865.72462646054
0.834475790335733,0.0299749695859392,-2.83556388344019,0.172217236595825,0.939265477531775,1.1548655141971,0,0.407605053659202,0,0,0,0,0,0,-1.21792584402604,-3.93880909142551,-5.96514447833577,-4.74044424159605,-2.05923581912175,-3.01831504295607,0,0.591992163878926,0.659386259397118,0.661888505885878,2.83740948188222,-0.424572886358135,-0.830832880779361,-3.63648189212914,-0.998779308052597,-2.37553573282099,-5.67227573579946,-1.57860664008537,-3.51245352207024,-3.28344159664035,0,0.832135469648054,1.50021956391044,4.48926535379659,-5.18404908007987,3.23777660206112,-2.2695331927133,-5.08561792980996,-2865.71921733546
0.83909188679118,0.0348321923418811,-2.83743753155021,0.176343803585463,0.944490611254953,1.16012815499484,0,0.406753286534861,0,0,0,0,0,0,-1.22234363598394,-3.94475947606993,-5.95956896620896,-4.75150011489306,-2.06340306959363,-3.0219681389423,0,0.593093316187473,0.660623639267861,0.660228574012233,2.83204833469439,-0.424818278362447,-0.835171707118608,-3.62829732163989,-1.00580322479925,-2.38773350937965,-5.68136949759649,-1.58341934148523,-3.51072606316445,-3.28404731118327,0,0.832541249386094,1.49683586860327,4.48734439848246,-5.1777770831317,3.22874834576907,-2.29342023239655,-5.06891246913105,-2865.71834047924
0.834782264932894,0.0308389885057104,-2.82666696862847,0.173425874298797,0.93954652178155,1.15496366334281,0,0.408310423852962,0,0,0,0,0,0,-1.21845455842507,-3.94212563704429,-5.97144034214596,-4.74564364618162,-2.06331437350108,-3.02369835427987,0,0.591415385788386,0.661553263193717,0.663821924904754,2.80947889308386,-0.425110186945069,-0.826349375946193,-3.61222585216116,-1.01504744677935,-2.39862869125673,-5.6840716107617,-1.59630007054571,-3.52750766147818,-3.30014970142468,0,0.834276936152866,1.48471311179211,4.46616038899722,-5.17820386157411,3.22117630089605,-2.3540482162299,-5.05549244251198,-2865.71564062167
0.831523547409132,0.0304065605927957,-2.81206161966936,0.171787882287012,0.937346201437796,1.15452305957864,0,0.409681049070167,0,0,0,0,0,0,-1.21302473844477,-3.94612764676394,-5.987892241421,-4.74587842918157,-2.06132435829358,-3.02387252126511,0,0.588952485610135,0.667017288526251,0.674725397020231,2.75542495800652,-0.418350962864577,-0.80754236638433,-3.57572042644341,-0.99556938035086,-2.37221197273789,-5.72499631995486,-1.57812518392928,-3.53482743422887,-3.29206260035955,0,0.820605723905283,1.46626073675807,4.44639296407174,-5.16209840768249,3.21198402936791,-2.47761256662086,-5.02787667191898,-2865.71358382079
0.832577298120788,0.030155957283254,-2.82143151107867,0.171580624615105,0.938614431253272,1.15425664434201,0,0.408679388856386,0,0,0,0,0,0,-1.22007417503103,-3.95882327016734,-5.98751912809121,-4.75455639283538,-2.0722157127556,-3.03279838601277,0,0.591340417790773,0.666005873785248,0.667362833316933,2.71322643796185,-0.415532127002568,-0.800357675867535,-3.53167455834138,-1.0018839431024,-2.37676907268123,-5.72514342504299,-1.58562986308719,-3.54433927298865,-3.30234126945598,0,0.822484475243036,1.47209009220456,4.44362697970705,-5.13607086360085,3.20068368088102,-2.55230621035731,-5.0350850781126,-2865.70571762523
0.831231263573871,0.0262107723110419,-2.84415269454937,0.168088563689028,0.939533040419737,1.14807731096638,0,0.406503653070443,0,0,0,0,0,0,-1.24281790760828,-4.01835318447016,-6.01464944190159,-4.79507829774431,-2.12066295199377,-3.07611922818039,0,0.597912535887953,0.672170884538144,0.675456984481176,2.37621652335506,-0.395505211521404,-0.762369217749314,-3.23253009912996,-1.02880686719885,-2.38622300116416,-5.75408717625021,-1.61422415182245,-3.59317835201316,-3.35013369367228,0,0.82589210181665,1.46274566396999,4.46251578815534,-5.09221390450024,3.10677127755961,-3.08330480723372,-5.03633810688989,-2865.67277588868
0.831404013118559,0.025262049030449,-2.85875340134624,0.165867369094699,0.94328079668263,1.14755725818894,0,0.404225508506115,0,0,0,0,0,0,-1.26611785175082,-4.07069050523996,-6.03597668232557,-4.82220451361281,-2.16936447754557,-3.11890756024905,0,0.605151234684047,0.677917489556221,0.666782536597103,2.07862043664135,-0.375212078114184,-0.708746133775364,-2.95747443305824,-1.0419689212064,-2.38578288430284,-5.78700523344434,-1.62962947102397,-3.63223900109326,-3.3800178334684,0,0.82395544278222,1.45530336370057,4.47331938693535,-5.05406505947698,3.06794122772432,-3.57122447181106,-5.0520965103459,-2865.65708023059
0.835597446828499,0.0329058789185028,-2.85609475908326,0.170362335792086,0.952409026312638,1.15780800741223,0,0.402899994489789,0,0,0,0,0,0,-1.27252675440523,-4.07686557183683,-6.02998948680388,-4.81058802353963,-2.18495275425128,-3.12891443478312,0,0.609297300865227,0.684676398783285,0.653674868113228,2.03005909595194,-0.3637141723752,-0.68624823820693,-2.90701847070468,-1.03228567718216,-2.37695976475106,-5.77000874132649,-1.61891810920252,-3.61694852751358,-3.36007506119267,0,0.824595241474479,1.4669836673947,4.55124801062894,-5.10129924953156,3.10803977671515,-3.68668847776176,-5.11792513822626,-2865.62126526881
0.837094110363069,0.0489294127929701,-2.8195329731893,0.177913954961227,0.970502014857785,1.1770015869256,0,0.403247557825443,0,0,0,0,0,0,-1.27606357929637,-4.09315184908133,-6.03319227495573,-4.76937358336277,-2.22473875126106,-3.15919256464209,0,0.619618120479673,0.728433736766772,0.650765701376124,1.70075134136914,-0.304825918937145,-0.571204675442843,-2.63302983603495,-0.980238152491709,-2.31611564870872,-5.7062142666569,-1.57027616499899,-3.5695734767107,-3.28034067381867,0,0.82655833725482,1.53576863056816,4.8962734785323,-5.21552225195198,3.19003570828093,-4.43582112059265,-5.42724591852387,-2865.56207810466
0.836758933827338,0.0481267583320427,-2.8170019323061,0.177443789562362,0.969227956593207,1.17651093808549,0,0.403637547105012,0,0,0,0,0,0,-1.2724558871339,-4.08083624932458,-6.0252052265621,-4.7606927119436,-2.21610653162803,-3.15134820218554,0,0.618936196848167,0.725864290268246,0.648454687147853,1.7595149985301,-0.309247274638672,-0.582024255590202,-2.68347568539332,-0.975522387379177,-2.31299543089921,-5.69669117574671,-1.56467186673836,-3.5588917603838,-3.26967015400937,0,0.827125976781112,1.53940916485282,4.90800354681505,-5.23537866570688,3.2139306237384,-4.36880660668557,-5.44525704577969,-2865.55104264073
0.837332421936887,0.0435787785677784,-2.83096138919879,0.174526387293504,0.966072425477853,1.17344537985605,0,0.40229485030232,0,0,0,0,0,0,-1.27476791521762,-4.0657890076045,-6.0026528806766,-4.75013949986121,-2.20984073398275,-3.14412321419019,0,0.620376155646811,0.710891772593554,0.632334136202334,1.81034882700752,-0.321143156184845,-0.608502866498214,-2.70520303933768,-0.979199557985939,-2.314444550608,-5.68371422831246,-1.56398452494592,-3.54908710220404,-3.26185341734223,0,0.830428226581342,1.53747055938376,4.93443333996178,-5.29542488348231,3.27742858531795,-4.39737892759699,-5.49864290481923,-2865.5399957869
0.836358241486379,0.0425429151732025,-2.82917051783074,0.174099578981623,0.963631106571762,1.17046763044046,0,0.402900222578008,0,0,0,0,0,0,-1.26896359603882,-4.05777764808026,-5.99947384258596,-4.74850674488206,-2.19910909544004,-3.13524694470484,0,0.618949149288925,0.711969757866907,0.640172768502562,1.83237116584894,-0.322577731249797,-0.614436505706795,-2.73155113665647,-0.978164827329963,-2.31560650369853,-5.66754474203061,-1.56382352527901,-3.54335556416259,-3.25699591162745,0,0.833802014035114,1.55081783773809,4.96365339333572,-5.29575405795704,3.2773461348766,-4.49892664497204,-5.52650139801933,-2865.53492653375
0.835504411143993,0.040987128087458,-2.83022287021726,0.17301752935471,0.961904779666017,1.16800281001804,0,0.403057798308109,0,0,0,0,0,0,-1.26897959381003,-4.05776265103037,-5.99825292646007,-4.74759665766123,-2.19836761202421,-3.13549516685127,0,0.619116018791822,0.712066911836163,0.641333082494255,1.83567300613572,-0.321286770363513,-0.613033707580371,-2.73722184944934,-0.978018861869261,-2.31505853220562,-5.65903797869239,-1.56488779606353,-3.54287323371447,-3.25622667302637,0,0.836087023180728,1.56460587820472,4.99588308802121,-5.29422729003061,3.27536431555865,-4.80115459788939,-5.56239911119334,-2865.52815138475
0.835089656309211,0.0403198803080497,-2.83202601879242,0.172641091030547,0.961627958302276,1.16702643449733,0,0.402971278618119,0,0,0,0,0,0,-1.27168627778551,-4.06416928286233,-6.00364563223433,-4.75225782827385,-2.20393753830972,-3.14108888647706,0,0.619410685513195,0.712903477473149,0.642141757839642,1.81500693764959,-0.318460935510261,-0.611364056940624,-2.72046133476731,-0.979682932637627,-2.31510674596206,-5.66193623035291,-1.56766388752466,-3.5475732564781,-3.26047998799138,0,0.836472746001855,1.57128003678627,5.02583661500246,-5.29216102350428,3.26315276787227,-5.36991103004639,-5.59064985010758,-2865.51985830334
0.835434950733781,0.0407744263585092,-2.83233448106856,0.172733792953385,0.962731553960966,1.16804310532142,0,0.402695543527661,0,0,0,0,0,0,-1.27566998684668,-4.07185914522669,-6.00878762901682,-4.75658626586618,-2.21185262563475,-3.1481656891844,0,0.620067513861919,0.712918390495406,0.638201132089505,1.79497857551008,-0.31633850661179,-0.604968045197975,-2.70000583147467,-0.979964078094712,-2.31428863904675,-5.67091913464308,-1.56847581055035,-3.55262579405672,-3.26366562897461,0,0.834652710344905,1.56708890155918,5.03154818932337,-5.28759203160521,3.25902588243278,-5.98338867293281,-5.5960359170677,-2865.51419100596
0.835795098219951,0.0414591460906878,-2.83186210771292,0.173175240158311,0.963525160981433,1.1690820938337,0,0.402639949197927,0,0,0,0,0,0,-1.27664399274214,-4.07504293800344,-6.01381270542748,-4.760326431248,-2.21394080150118,-3.15008477051212,0,0.619562232880734,0.712664638200342,0.63906102421728,1.79082115993221,-0.31674403692002,-0.606640521602929,-2.69647832214257,-0.980873209716882,-2.3152476852218,-5.67776056287945,-1.56888210511428,-3.55462204395144,-3.26624379647244,0,0.833155779355451,1.55547895272329,5.01228222816755,-5.28560994386505,3.25525982969679,-6.62820177382081,-5.57296838705122,-2865.51034808033
0.83584580715912,0.0417601419683189,-2.83071424882394,0.173349193045781,0.963530290191905,1.16960493966808,0,0.402725655328816,0,0,0,0,0,0,-1.27535499492619,-4.07393837224439,-6.0142290839224,-4.76126356800472,-2.21179001575667,-3.14830306036405,0,0.618862971559783,0.712161320415319,0.639901400271423,1.8033127425434,-0.319041530270571,-0.606822944115373,-2.70780887458683,-0.980567593263295,-2.31574303305022,-5.67917570253555,-1.56788177780944,-3.55342119038455,-3.265794113395,0,0.832468473497179,1.54704790904634,4.9758186024455,-5.28041759333289,3.25588348123274,-7.32812153511627,-5.53588720274854,-2865.50786360121
0.835760431068112,0.0419947269747675,-2.82966484274082,0.173610741993282,0.963288891405243,1.16973894567684,0,0.402908384358172,0,0,0,0,0,0,-1.27269724446359,-4.07000670544303,-6.01230501257167,-4.75922645024238,-2.20720660040619,-3.14426910332434,0,0.618218111351506,0.712297659552154,0.643426619670676,1.81412705522401,-0.320683184987156,-0.610342414391613,-2.71969969944905,-0.980154918263699,-2.31614176186591,-5.67565833527601,-1.5667266726321,-3.55007220374282,-3.26394086660807,0,0.833007531222984,1.54612614233485,4.94920225246707,-5.28122484404575,3.25547916553755,-7.9402103495245,-5.5074171108852,-2865.50687197942
0.835777526562536,0.0421598728543152,-2.82951780347678,0.173811688261309,0.963232647719838,1.16992017596507,0,0.402929180408018,0,0,0,0,0,0,-1.27106196899886,-4.0668064147752,-6.00840923501307,-4.75635592662185,-2.20441184693234,-3.14153351000985,0,0.618278873137139,0.712507788895943,0.643941422159081,1.81928568974064,-0.32125965308265,-0.610186192522552,-2.72431043389248,-0.979644172006167,-2.31594582267253,-5.67284762292518,-1.56600595578194,-3.54830148992456,-3.26247910083942,0,0.833449026979522,1.55039619042146,4.93990959508169,-5.28165106792173,3.25623890386659,-8.40324299524594,-5.49836502463101,-2865.50653775327
0.835913880635989,0.0423958563232836,-2.82968612117427,0.174086635259615,0.963383851330941,1.17014392327119,0,0.402911869481521,0,0,0,0,0,0,-1.27001656685542,-4.06423870821444,-6.00454057477404,-4.75324884455539,-2.20256883337485,-3.13955016155569,0,0.618588682498303,0.712819073743354,0.64425213051391,1.81995187567704,-0.321001648063243,-0.610489931898952,-2.7248809382545,-0.979513607341067,-2.31586116229631,-5.67152365365303,-1.56587831277538,-3.54771049124853,-3.26203273904111,0,0.833742183173829,1.55540834019158,4.93962829306332,-5.28330262601618,3.25618488148081,-8.90542720257809,-5.49809937727166,-2865.50631114013
0.836099976589365,0.042601604269199,-2.8301727576728,0.174334348622198,0.963635150685251,1.17038971857943,0,0.402836582350042,0,0,0,0,0,0,-1.26968204226974,-4.06281617329246,-6.00139393842655,-4.75093437266984,-2.20199221161467,-3.13865748058901,0,0.619038994033551,0.713038612567234,0.643557834430842,1.81801588473635,-0.320433395118875,-0.609917611934933,-2.72239754680626,-0.979664272144419,-2.31582753803031,-5.67226963704551,-1.56622868843935,-3.54849368334871,-3.26257609217554,0,0.833678674013786,1.55909603411,4.94501977519268,-5.28411110033237,3.25592709821725,-9.51078301953541,-5.50387319382865,-2865.50613069944
0.836209755342115,0.0426739165519846,-2.83046137181084,0.174412685766255,0.96381324757585,1.17048653156076,0,0.402786153030284,0,0,0,0,0,0,-1.27006114318019,-4.06310004195542,-6.00082523052435,-4.75054031780181,-2.20265621796579,-3.13910768405798,0,0.619303157902454,0.713074464992395,0.642878674547355,1.81514604954701,-0.319909255541773,-0.609537397444166,-2.71932752773362,-0.979918923957999,-2.31587097063059,-5.67395074496043,-1.56668796279127,-3.54967432576012,-3.26346201764848,0,0.83342551949394,1.55919265181741,4.95132290823206,-5.2841072462483,3.25555776946967,-10.1235704236736,-5.51039658327325,-2865.50602450759
0.836189614145532,0.0425867368714164,-2.83053509796862,0.174316028398181,0.963811139356314,1.1704052779075,0,0.402771842410368,0,0,0,0,0,0,-1.27069054249044,-4.06434120829773,-6.00226432572896,-4.75170948255546,-2.20376206451562,-3.14017691449466,0,0.619292469344076,0.712960294082593,0.642457565627289,1.81341471991633,-0.319758063418111,-0.609263148047563,-2.71758926509567,-0.980084104898202,-2.31590824266945,-5.67505159230661,-1.56694798512765,-3.55039592520334,-3.2639876246614,0,0.833237377737686,1.55705064556933,4.9552714722041,-5.2834741072108,3.25541645183398,-10.7193031007392,-5.51441829704723,-2865.50596802813
0.8360814494285,0.0424099361716671,-2.83040443810946,0.174120565795792,0.963669753825818,1.17020388957905,0,0.402790182802922,0,0,0,0,0,0,-1.27128581899922,-4.06579538324285,-6.00454638787069,-4.75346193554127,-2.20477739542822,-3.14131060534949,0,0.6190848087961,0.71280448121505,0.642455072913329,1.81296218012241,-0.319851886983046,-0.609277790317404,-2.7173960423149,-0.980100011803345,-2.31591098586715,-5.67509481573651,-1.56695841286506,-3.55043533844341,-3.26398538548131,0,0.833218236428889,1.55457109628481,4.95656811004968,-5.28286887275041,3.25555975315008,-11.3091851545459,-5.51570445625165,-2865.50593667896
