"b_Income","b_HH_Member","b_Caste","b_Elderly_DiffAble","b_NotPlanned","b_10k_All","b_CurrentPolicy","mu_worst","b_Income_V","b_HH_Member_V","b_Caste_V","b_Elderly_DiffAble_V","b_NotPlanned_V","b_10k_All_V","logLike"
0,0,0,0,0,0,0,1,0,0,0,0,0,0,-3485.29398862085
0,0,0,0,0,0,0,1,0,0,0,0,0,0,-3485.29398862085
0.296328582044225,-0.11694369968609,-0.613892110413872,-0.0912636111024767,0.126905617798911,0.0654587427561637,0,1,0.113131338730454,-0.101019585417816,-0.254556464642519,-0.0253884893027134,0.0592312288063113,0.031048282107804,-3212.04058384536
0.287148912596582,-0.144326397709665,-0.782023380847902,-0.148051924672529,0.0968922508992939,0.0371809708295132,0,1.2755755171227,0.0447528307479468,-0.143461385923785,-0.268377307071999,-0.0292463785851231,0.0375356883366584,0.0077031714647904,-3157.21990940919
0.39455281594128,-0.331709578260632,-1.04224046561292,-0.439651314748044,-0.0826224627729228,-0.282055268339473,0,1.32639547743993,-0.16269058294119,-0.419024939312311,0.0469011221284848,-0.147447284043137,-0.10601174977963,-0.244676474625676,-3138.93102268654
0.150325542963813,-0.346843398329074,-1.53179875125156,-0.56371570358829,-0.32648720198988,-0.374883921099059,0,1.15045399215587,-0.636464661763933,-0.596629875759058,0.318809368023083,-0.192090186928979,-0.296310395574762,-0.383699548754861,-3134.25258402709
0.147994111093096,-0.360213772172096,-1.53300193579113,-0.566552615294906,-0.317413881613604,-0.363326054835152,0,1.15079421720745,-0.645932304023686,-0.602129587658552,0.329058809053579,-0.192821198257427,-0.292861348175801,-0.379420151029648,-3133.81548005973
0.313325092026267,-0.315793317282978,-1.58632227344357,-0.558446866505669,-0.205905038525343,-0.254797000672061,0,1.19211837055638,-0.742938855711304,-0.432093942332093,0.528072534172693,-0.167866666520319,-0.27634903578907,-0.383110116676798,-3131.09399037161
0.409024465014245,-0.363950932011417,-1.61462099625113,-0.440789964696638,-0.203267513098773,-0.223285341245263,0,1.22048129185886,-0.765798262917631,-0.383894014158571,0.601648992950392,-0.0816837564079939,-0.289098630196046,-0.385599995215504,-3129.93566135273
0.312681255494168,-0.683996100215024,-1.65554533469357,-0.787002685165674,-0.132385886129197,-0.411253096287143,0,1.45286950224052,-0.380653498426618,-0.0295226875914095,-0.270171642271635,0.468140656397772,0.151130251419235,-0.027368926678054,-3121.48288692784
0.322307229157619,-0.68636883047624,-1.65437749128646,-0.802157248356572,-0.172172090907235,-0.380401844621784,0,1.46165928071497,-0.351053875507094,-0.03107092071067,-0.281458392067955,0.454548155812148,0.140088577252338,0.00580221692900252,-3118.93206706339
0.30024050763169,-0.654797635618608,-1.67717823713543,-0.744703935439761,-0.164843192830403,-0.383586408270718,0,1.47241389609665,-0.29464651667946,-0.0713627970995083,-0.249452311182772,0.363506137287649,0.161035770271988,0.0265260326394605,-3116.2728188259
0.350042558380744,-0.543562219400844,-1.63495770303422,-0.647788080197519,-0.00805671935929342,-0.181819117408746,0,1.30865110485208,-0.374011516534465,-0.291731512666158,-0.333970891008375,0.151903129881287,-0.149228994508746,-0.294022357815585,-3087.86053116018
0.676777236053934,-0.422573068209705,-1.57182411789149,-0.554496032985937,-0.19133419061494,-0.359302059514784,0,1.09447997709333,-0.861532135556508,-0.480398039047533,-0.397499349324523,-0.0208863085208108,0.163788546666739,0.0784456702885564,-3082.48800153708
0.0698394444213684,-0.951212109299114,-2.21823919159069,-1.00459546377063,-0.519469952988615,-0.82992133564984,0,0.752485258798583,0.0252377220347296,0.293765046175272,0.587059143909917,0.607030741063714,0.541408770463518,0.799933946341047,-3081.80351698713
0.0630449315400738,-0.874515351176642,-2.2377654546378,-1.03507092854494,-0.570495614158351,-0.743220633789403,0,0.744749086800968,0.0688912978449124,0.195724732947956,0.629529357222734,0.695562457570129,0.662060686814014,0.689541087025618,-3079.24404780725
0.209946069827013,-0.722244728895881,-2.17604675895047,-0.892938189417849,-0.366404419672376,-0.507306505662721,0,0.750715898920206,-0.201032828918015,-0.163547423180372,0.289566640856523,0.357162189365354,0.245849157551269,0.231730516060984,-3058.0517390599
0.245043562097814,-0.576662883822065,-2.1858066654912,-0.893969437431775,-0.239740576517673,-0.48758929011446,0,0.785212410041952,-0.225628775105011,-0.380339153968871,0.275719801904875,0.389831360946517,0.0537922462509988,0.237322588433915,-3054.39762402414
0.267667942454504,-0.591085031600131,-2.21431086155664,-0.83348884122394,-0.243819213636924,-0.373455351665247,0,0.828284088757515,-0.304975477129121,-0.444087867683623,0.16717318487203,0.196807513904317,-0.0186528811134502,-0.0129978375598289,-3047.32864853045
0.388638470248542,-0.558367232565317,-2.42520623653558,-0.768949990408568,-0.119766649789588,-0.208696962443254,0,0.700992266534048,-0.512219762730631,-0.695097666654908,-0.0276625639928657,-0.0658147627466014,-0.294657270854093,-0.339878811855358,-3039.53240785128
0.366169528806779,-0.616063269812755,-2.69032924088936,-0.813282610945769,-0.173136358849359,-0.21277164231103,0,0.6699907321025,-0.480579314894015,-0.701686972680522,0.0533228284546168,-0.0622547968404901,-0.243802042582344,-0.353136815980879,-3034.44715655296
0.297753926080152,-0.765965041829763,-3.37390802962803,-0.976167225814474,-0.288048517100063,-0.325353168678172,0,0.508989164712916,-0.373264981734392,-0.654712461754527,0.31222663264361,0.102058722916133,-0.0799673074553426,-0.186118219449714,-3027.94518248759
0.235973788900214,-0.841585365254405,-3.72160196935551,-1.04747209646799,-0.3597024611427,-0.441605851204656,0,0.54160627457306,-0.26998451902266,-0.531193458541737,0.511864991762258,0.260887147242002,0.0782359692690479,0.0301243970014912,-3025.55429980484
0.246530865200276,-0.834189543165827,-3.86179893320616,-1.05820587773274,-0.339541409013496,-0.434722772604,0,0.487992203501155,-0.296135086921914,-0.562229930221759,0.517527968528591,0.278859545143669,0.0474615186035805,0.0166513313101811,-3024.35593118648
0.253304891844123,-0.819672126483164,-3.95101616194207,-1.05134443579409,-0.323746433001733,-0.424351127986026,0,0.472643971284115,-0.315308649250546,-0.57370540384624,0.512885562664077,0.28385321527686,0.0242763223542245,-0.00207553880575575,-3024.07941824466
0.25609794281258,-0.804493933397766,-4.03179717378044,-1.03804517400529,-0.313934720124563,-0.411886629223462,0,0.466073288534293,-0.328849757281331,-0.57261751293263,0.50154746989025,0.280757418720578,0.0060968543730893,-0.0268270790655074,-3023.9230950927
0.251878470672984,-0.808476872248745,-4.06469133514851,-1.03998476275493,-0.320274452682172,-0.414273286018608,0,0.462498657951513,-0.3227117741358,-0.563509967112913,0.505380700640326,0.281660392570788,0.0127454857700566,-0.0243179694716731,-3023.91041912293
0.251024585353462,-0.809644441192835,-4.07108777837391,-1.04045840631853,-0.322531168958017,-0.414902672887539,0,0.462084728886347,-0.320042355265004,-0.560362703382681,0.503621971934949,0.279236825302247,0.0149534585326711,-0.0226491086926474,-3023.90831168173
0.251121254940772,-0.809542391539589,-4.07020777435975,-1.04077155357409,-0.322851720242514,-0.414823293369243,0,0.462055475516072,-0.319494873751237,-0.560301207828011,0.500776538975111,0.277753022458874,0.015161090429954,-0.0220278167513208,-3023.90785144907
0.251093821670183,-0.809541368539949,-4.07017198319665,-1.04089138132004,-0.322812700737021,-0.414768577440389,0,0.461910563906249,-0.319508423767102,-0.560314839334602,0.500658279925625,0.277777380182179,0.0151792046540302,-0.0219649080941928,-3023.90783244689
