"b_Income","b_HH_Member","b_Caste","b_Elderly_DiffAble","b_NotPlanned","b_10k_All","b_CurrentPolicy","mu_worst","logLike"
0,0,0,0,0,0,0,1,-3485.29398862085
0,0,0,0,0,0,0,1,-3485.29398862085
1.48164291022113,-0.584718498430448,-3.06946055206936,-0.456318055512384,0.634528088994557,0.327293713780819,0,1,-3372.05506502606
1.58079856813006,-0.680378051934583,-3.62216925734064,-0.537270907177922,0.677902103621543,0.353775741612577,0,0.39228865941088,-3214.57395930442
0.607810865255931,-0.628047318409837,-4.70585193875399,-0.443767627556696,0.447499314719351,0.385609393385329,0,0.194715574770825,-3131.40818444325
0.425427432546271,-0.730804094766565,-5.05065045537077,-0.602435661327228,-0.0654521353141447,-0.0818546646668212,0,0.190262909885388,-3090.27624009681
0.184155305173472,-1.06842853560979,-5.13816265524395,-0.951488783074133,-0.121710202284471,-0.299284174001197,0,0.210933861962711,-3071.17685181161
0.172496065262869,-1.1377018735752,-5.13083825218821,-0.969522735497675,-0.206083645079764,-0.22552206435691,0,0.217632041383055,-3068.62178316817
0.130722565419507,-1.14392945753226,-5.08245869044562,-0.824655172280317,-0.193840701719687,-0.265662483739748,0,0.25431915991846,-3055.64411219572
0.113105296943975,-0.981554427110471,-5.06068329628356,-0.932773674288192,-0.204310170633889,-0.237269226966477,0,0.27369951827006,-3050.97980461658
0.0822363553231482,-1.11572627551172,-4.98749044232335,-0.968160049705901,-0.346480577038758,-0.447101540192111,0,0.343189409843435,-3039.81689347259
0.104237391669981,-1.11256487464395,-4.89392054562486,-0.953278197820297,-0.323546112837248,-0.426178979846733,0,0.360669613165192,-3039.17585206294
0.114897460669659,-1.11009564623506,-4.75811724271791,-0.949424850709001,-0.309964943803425,-0.414246874263002,0,0.3797376128783,-3038.5749441014
0.132122994600961,-1.09779102467774,-4.35814149550187,-0.938723874820161,-0.288910386695065,-0.397467578289131,0,0.425892902245123,-3037.04067915903
0.145515453436581,-1.04800117847798,-3.30812398738319,-0.908972471776079,-0.268516684394649,-0.386175035494429,0,0.540095378666757,-3036.14645760736
0.110897752282068,-1.05181775378408,-3.89531333408987,-0.915281601147495,-0.301883536515321,-0.410751617146408,0,0.476578283664826,-3035.29241400077
0.1096067696372,-1.04868129001723,-3.75294581269769,-0.914612367499401,-0.304895429448798,-0.415032624805161,0,0.489841532151814,-3034.99183414618
0.109173886247906,-1.04867528240454,-3.75185740030643,-0.914710007067086,-0.305303960207958,-0.415379490950425,0,0.482423745896568,-3034.86011422781
0.103201646595382,-1.04847274128663,-3.75093235392625,-0.914814440410508,-0.311093748597465,-0.418340699005598,0,0.482883760738959,-3034.85446943355
0.102464910219715,-1.05159072780541,-3.74968778145737,-0.918012470363411,-0.313099755963842,-0.421911319849203,0,0.483196728086535,-3034.85152061255
0.101025674011539,-1.05292314982519,-3.74902654474508,-0.919070002525782,-0.312633958015934,-0.421192139637732,0,0.483224757454666,-3034.85056961632
0.10676082159308,-1.05563353223203,-3.72842922804802,-0.919301347183761,-0.322683893691509,-0.411168010195363,0,0.481885948947166,-3034.84566649672
0.106028749442076,-1.05271851551576,-3.71738484280242,-0.917519179066864,-0.319145253548315,-0.414430397195141,0,0.481066837678669,-3034.82634135719
0.105540558346816,-1.0519097883608,-3.72476570643207,-0.91980205178144,-0.319342013097731,-0.414775380298857,0,0.479885973697827,-3034.82421311997
0.104837387819367,-1.05433715768051,-3.73497813922191,-0.918860834704454,-0.319440188835905,-0.415926191641269,0,0.478248037794896,-3034.8215125477
0.100069072415939,-1.0506392330466,-3.73487160391801,-0.91835075907805,-0.310453400899438,-0.425111927808687,0,0.478385770673213,-3034.81384455265
0.101335210779379,-1.05236892712264,-3.74019407326512,-0.918936469304426,-0.313610321437022,-0.42245953398334,0,0.477487777891463,-3034.81159681454
0.101344704923819,-1.05234552337774,-3.74001911942461,-0.918917070882729,-0.31359485396888,-0.42244769543945,0,0.477522322686561,-3034.81159657225
