ID,Weights,Informal_Settlement,Wealth_Quin,Got_Subsidy,hh_size,hh_size_60,hh_caste,hh_diff_abled,BWS_1_Version,BWS_1_SQ,BWS_1_Block,BWS_1_F_Most,BWS_1_F_Least,BWS_1_S_Most,BWS_1_S_Least,Inc,HH,Caste,ElderDiffAble,NotPlanned,First10k,CurrentPolicy
534,0.896102008,1,2,DK,10,2,No,No,0,0,1,2,3,5,7,0,1,1,1,1,0,1
132,0.36587496,0,4,Yes,6,0,No,No,0,0,1,7,3,2,4,0,1,1,1,1,0,1
329,3.679441025,1,2,Yes,6,1,No,No,0,0,1,5,3,2,7,0,1,1,1,1,0,1
171,0.24070721,0,3,Yes,5,2,No,No,1,0,1,7,3,4,5,0,1,1,1,1,0,1
50,1.663571689,0,5,No,2,0,No,No,1,0,1,7,3,4,2,0,1,1,1,1,0,1
466,0.4999727,1,3,Yes,3,0,No,No,1,1,1,2,3,5,4,0,1,1,1,1,0,1
330,3.679441025,1,4,Yes,5,1,No,No,0,1,1,5,4,7,3,0,1,1,1,1,0,1
86,2.177011912,0,5,Yes,5,0,No,No,0,0,1,7,3,4,5,0,1,1,1,1,0,1
401,2.46342107,1,4,Yes,10,2,Missing,No,0,1,1,7,3,5,2,0,1,1,1,1,0,1
186,0.398433995,0,4,No,5,0,No,No,1,0,1,7,3,2,5,0,1,1,1,1,0,1
352,1.529831556,1,2,No,4,0,No,No,1,1,1,5,4,7,3,0,1,1,1,1,0,1
385,2.012316893,1,2,Yes,6,1,No,No,1,1,1,7,3,5,4,0,1,1,1,1,0,1
611,1.83011814,1,2,No,6,2,Yes,No,1,0,1,7,2,5,3,0,1,1,1,1,0,1
272,0.357997514,1,1,No,8,2,Yes,No,1,1,1,7,2,5,3,0,1,1,1,1,0,1
316,3.679441025,1,3,No,4,0,No,No,0,1,1,5,3,2,7,0,1,1,1,1,0,1
440,1.001113561,1,5,Yes,5,1,No,No,1,1,1,5,3,7,4,0,1,1,1,1,0,1
238,1.369789717,1,1,No,2,0,No,No,1,1,1,7,4,2,3,0,1,1,1,1,0,1
588,0.747792442,1,2,DK,8,1,Yes,No,0,0,1,7,5,2,4,0,1,1,1,1,0,1
198,0.398433995,0,3,Yes,5,0,No,Yes,1,1,1,2,3,7,5,0,1,1,1,1,0,1
216,0.222538995,1,4,Yes,5,0,No,No,0,0,1,7,2,4,3,0,1,1,1,1,0,1
340,1.529831556,1,3,Yes,6,2,Yes,No,1,1,1,5,2,7,4,0,1,1,1,1,0,1
5,1.791626692,0,5,No,3,2,No,No,1,0,1,4,3,5,2,0,1,1,1,1,0,1
457,0.4999727,1,2,DK,6,1,No,No,0,1,1,7,3,4,2,0,1,1,1,1,0,1
450,0.4999727,1,4,DK,5,1,Yes,No,1,0,1,5,3,4,2,0,1,1,1,1,0,1
438,1.001113561,1,5,Yes,4,0,No,No,1,0,1,2,3,5,4,0,1,1,1,1,0,1
183,0.398433995,0,4,Yes,6,0,No,No,1,0,1,4,3,7,5,0,1,1,1,1,0,1
142,0.36587496,0,3,Yes,5,0,No,No,1,0,1,7,3,2,4,0,1,1,1,1,0,1
509,0.835234768,1,5,DK,6,1,No,No,0,1,1,4,7,5,3,0,1,1,1,1,0,1
709,0.121451907,1,1,Yes,7,0,No,No,0,1,1,7,5,3,4,0,1,1,1,1,0,1
296,0.215627847,1,4,DK,3,0,No,No,0,0,1,2,3,5,4,0,1,1,1,1,0,1
623,1.83011814,1,2,No,6,0,Yes,No,0,1,1,7,3,5,4,0,1,1,1,1,0,1
471,0.619125073,1,1,No,6,0,Yes,No,0,1,1,7,3,5,4,0,1,1,1,1,0,1
180,0.24070721,0,4,Yes,5,0,No,No,0,0,1,7,3,2,5,0,1,1,1,1,0,1
323,3.679441025,1,4,Yes,5,0,Yes,No,0,1,1,7,3,5,4,0,1,1,1,1,0,1
72,1.451341275,0,4,Yes,5,0,No,No,0,0,1,7,2,4,3,0,1,1,1,1,0,1
167,0.24070721,0,5,Yes,5,0,No,No,0,0,1,4,3,7,5,0,1,1,1,1,0,1
521,0.896102008,1,3,Yes,12,0,Yes,Yes,1,1,1,5,4,7,2,0,1,1,1,1,0,1
719,0.121451907,1,1,DK,8,2,Yes,No,1,0,1,5,4,7,2,0,1,1,1,1,0,1
627,0.107129748,1,1,No,4,1,No,No,0,0,1,5,3,4,2,0,1,1,1,1,0,1
469,0.619125073,1,1,No,5,0,Yes,No,1,1,1,7,2,5,3,0,1,1,1,1,0,1
503,0.835234768,1,4,DK,5,0,No,No,1,1,1,7,3,5,4,0,1,1,1,1,0,1
601,1.83011814,1,2,No,5,0,No,No,0,1,1,7,4,5,2,0,1,1,1,1,0,1
717,0.121451907,1,2,No,5,1,Yes,No,1,0,1,4,3,7,2,0,1,1,1,1,0,1
274,0.357997514,1,3,DK,4,0,Yes,No,1,1,1,7,4,5,3,0,1,1,1,1,0,1
12,1.791626692,0,5,No,3,0,No,No,0,0,1,5,3,4,7,0,1,1,1,1,0,1
517,0.835234768,1,5,DK,6,2,No,No,1,0,1,4,7,5,3,0,1,1,1,1,0,1
368,2.012316893,1,4,Yes,4,0,No,No,0,1,1,2,3,5,7,0,1,1,1,1,0,1
506,0.835234768,1,4,DK,5,1,Yes,No,0,1,1,4,3,5,7,0,1,1,1,1,0,1
61,1.451341275,0,5,Yes,7,0,No,No,0,1,1,7,3,2,5,0,1,1,1,1,0,1
630,0.107129748,1,1,Yes,4,0,No,No,1,0,2,6,4,5,7,1,0,0,1,1,1,1
39,1.663571689,0,4,No,1,0,No,No,1,0,2,1,6,4,7,1,0,0,1,1,1,1
628,0.107129748,1,1,Yes,5,0,No,No,0,1,2,6,1,5,7,1,0,0,1,1,1,1
496,0.835234768,1,5,Yes,4,0,Yes,No,1,1,2,1,4,7,5,1,0,0,1,1,1,1
727,0.121451907,1,1,Yes,6,0,Yes,No,1,1,2,7,6,1,4,1,0,0,1,1,1,1
64,1.451341275,0,5,Yes,4,2,No,No,0,1,2,7,6,1,5,1,0,0,1,1,1,1
560,0.813360882,1,1,Yes,6,0,Yes,No,1,1,2,1,7,6,5,1,0,0,1,1,1,1
245,1.369789717,1,5,Yes,9,2,No,No,1,0,2,6,4,1,5,1,0,0,1,1,1,1
670,0.100827998,1,2,DK,5,0,Missing,Missing,1,1,2,1,4,7,5,1,0,0,1,1,1,1
40,1.663571689,0,5,Yes,2,2,No,No,0,0,2,1,7,5,4,1,0,0,1,1,1,1
259,1.369789717,1,5,Yes,4,0,No,No,1,0,2,6,5,1,4,1,0,0,1,1,1,1
655,0.100827998,1,3,Yes,4,0,No,No,1,1,2,7,4,6,5,1,0,0,1,1,1,1
57,1.451341275,0,5,Yes,5,1,No,No,1,1,2,6,4,5,1,1,0,0,1,1,1,1
689,0.13520118,1,2,DK,4,0,No,No,1,0,2,6,4,5,1,1,0,0,1,1,1,1
119,0.353037242,0,2,Yes,4,0,No,No,1,1,2,7,5,1,6,1,0,0,1,1,1,1
35,1.663571689,0,4,DK,1,0,No,No,1,1,2,4,5,6,7,1,0,0,1,1,1,1
264,0.357997514,1,4,DK,4,0,No,Missing,0,0,2,6,4,5,1,1,0,0,1,1,1,1
482,0.619125073,1,5,Yes,5,0,No,No,1,0,2,7,4,1,6,1,0,0,1,1,1,1
105,0.353037242,0,3,Yes,3,0,No,No,0,1,2,1,4,6,5,1,0,0,1,1,1,1
41,1.663571689,0,5,No,3,2,No,No,0,1,2,6,7,1,4,1,0,0,1,1,1,1
605,1.83011814,1,1,No,5,0,No,No,0,0,2,1,4,7,5,1,0,0,1,1,1,1
540,0.896102008,1,3,Yes,4,0,Yes,No,1,1,2,7,1,5,4,1,0,0,1,1,1,1
300,0.215627847,1,4,DK,4,0,No,No,1,0,2,6,1,4,5,1,0,0,1,1,1,1
366,2.012316893,1,5,Yes,3,1,No,No,0,1,2,5,1,6,4,1,0,0,1,1,1,1
409,2.46342107,1,5,DK,3,1,Missing,No,0,0,2,6,7,5,4,1,0,0,1,1,1,1
370,2.012316893,1,4,Yes,3,1,No,No,0,1,2,6,1,5,4,1,0,0,1,1,1,1
28,1.663571689,0,5,Yes,6,0,No,No,1,1,2,1,5,4,6,1,0,0,1,1,1,1
666,0.100827998,1,2,DK,3,1,Missing,No,1,0,2,6,5,4,1,1,0,0,1,1,1,1
48,1.663571689,0,5,Yes,3,2,No,No,1,0,2,6,7,4,5,1,0,0,1,1,1,1
463,0.4999727,1,5,Yes,4,0,Missing,No,0,0,2,7,1,5,4,1,0,0,1,1,1,1
555,0.813360882,1,2,DK,7,0,No,No,0,0,2,1,5,7,4,1,0,0,1,1,1,1
581,0.747792442,1,1,Yes,6,0,Yes,No,1,1,2,1,5,4,7,1,0,0,1,1,1,1
147,0.36587496,0,2,Yes,5,0,No,No,0,1,2,1,6,7,4,1,0,0,1,1,1,1
59,1.451341275,0,4,Yes,5,1,No,No,1,1,2,7,6,4,5,1,0,0,1,1,1,1
500,0.835234768,1,5,Yes,3,0,No,No,1,0,2,4,7,1,5,1,0,0,1,1,1,1
524,0.896102008,1,1,Yes,7,1,No,No,0,0,2,1,7,4,6,1,0,0,1,1,1,1
138,0.36587496,0,2,Yes,3,1,No,No,0,1,2,7,5,4,1,1,0,0,1,1,1,1
71,1.451341275,0,5,DK,6,1,No,No,0,0,2,1,4,7,6,1,0,0,1,1,1,1
598,0.747792442,1,1,Yes,4,0,Yes,No,0,0,2,7,5,1,6,1,0,0,1,1,1,1
591,0.747792442,1,3,Yes,3,2,No,No,0,1,2,7,5,1,6,1,0,0,1,1,1,1
63,1.451341275,0,4,Yes,6,0,No,No,1,1,2,7,6,1,5,1,0,0,1,1,1,1
639,0.107129748,1,2,Yes,6,0,No,No,1,1,2,7,4,1,6,1,0,0,1,1,1,1
554,0.813360882,1,1,Yes,3,2,No,No,1,0,2,7,1,4,5,1,0,0,1,1,1,1
270,0.357997514,1,4,Yes,6,2,No,No,1,0,2,6,5,1,4,1,0,0,1,1,1,1
619,1.83011814,1,1,No,6,2,Yes,No,0,1,2,7,6,1,4,1,0,0,1,1,1,1
349,1.529831556,1,2,No,10,0,Yes,No,0,1,2,7,4,5,1,1,0,0,1,1,1,1
113,0.353037242,0,2,Yes,4,0,No,No,0,0,2,1,5,4,6,1,0,0,1,1,1,1
516,0.835234768,1,5,Yes,5,2,No,No,0,0,2,5,6,1,4,1,0,0,1,1,1,1
13,1.791626692,0,5,Yes,4,0,No,No,0,1,2,4,6,1,5,1,0,0,1,1,1,1
99,2.177011912,0,5,Yes,6,1,No,No,0,0,2,7,1,4,5,1,0,0,1,1,1,1
536,0.896102008,1,3,Yes,5,0,Yes,No,0,0,3,7,2,4,5,0,1,0,1,1,1,1
569,0.813360882,1,3,DK,8,0,Yes,No,1,0,3,4,7,5,2,0,1,0,1,1,1,1
192,0.398433995,0,3,Yes,4,0,No,No,1,0,3,2,5,7,4,0,1,0,1,1,1,1
542,0.896102008,1,3,Yes,9,1,Yes,No,1,0,3,4,2,7,6,0,1,0,1,1,1,1
458,0.4999727,1,4,Yes,5,1,No,No,0,1,3,5,2,6,4,0,1,0,1,1,1,1
636,0.107129748,1,2,DK,7,2,Yes,No,1,1,3,7,2,6,4,0,1,0,1,1,1,1
452,0.4999727,1,1,No,4,0,No,No,1,1,3,5,4,6,2,0,1,0,1,1,1,1
533,0.896102008,1,2,Yes,5,1,No,No,0,0,3,2,5,4,6,0,1,0,1,1,1,1
364,1.529831556,1,1,No,5,0,No,No,1,1,3,5,4,6,2,0,1,0,1,1,1,1
244,1.369789717,1,4,Yes,5,1,No,No,0,1,3,7,5,4,6,0,1,0,1,1,1,1
510,0.835234768,1,5,Yes,6,1,No,No,0,1,3,4,2,5,7,0,1,0,1,1,1,1
713,0.121451907,1,1,Yes,15,1,Yes,No,0,0,3,6,4,7,5,0,1,0,1,1,1,1
486,0.619125073,1,4,DK,6,2,No,No,0,1,3,4,6,7,2,0,1,0,1,1,1,1
388,2.012316893,1,3,Yes,5,0,No,No,1,0,3,5,7,6,4,0,1,0,1,1,1,1
31,1.663571689,0,4,Yes,2,2,No,No,1,1,3,4,6,2,7,0,1,0,1,1,1,1
679,0.13520118,1,1,No,4,0,No,No,0,0,3,6,5,4,2,0,1,0,1,1,1,1
318,3.679441025,1,5,Yes,3,2,No,No,0,1,3,2,7,5,4,0,1,0,1,1,1,1
286,0.357997514,1,3,Yes,4,0,No,No,0,0,3,6,5,7,4,0,1,0,1,1,1,1
612,1.83011814,1,2,No,6,1,Yes,No,0,1,3,7,6,2,4,0,1,0,1,1,1,1
402,2.46342107,1,3,Yes,4,0,Yes,No,1,0,3,7,6,5,4,0,1,0,1,1,1,1
203,0.398433995,0,5,Yes,6,0,No,No,1,0,3,7,5,4,2,0,1,0,1,1,1,1
498,0.835234768,1,4,No,2,0,No,No,1,1,3,4,6,5,7,0,1,0,1,1,1,1
160,0.24070721,0,3,Yes,4,0,No,No,0,0,3,7,2,4,5,0,1,0,1,1,1,1
324,3.679441025,1,1,Yes,5,0,No,No,1,0,3,7,2,6,4,0,1,0,1,1,1,1
571,0.813360882,1,2,Yes,7,2,No,No,1,0,3,4,2,5,6,0,1,0,1,1,1,1
514,0.835234768,1,2,DK,5,1,Yes,No,1,1,3,6,2,5,4,0,1,0,1,1,1,1
659,0.100827998,1,1,No,4,0,No,No,0,0,3,4,6,5,7,0,1,0,1,1,1,1
532,0.896102008,1,2,Yes,6,1,No,No,1,1,3,7,6,2,5,0,1,0,1,1,1,1
225,0.222538995,1,4,Yes,6,1,No,No,1,1,3,7,6,2,4,0,1,0,1,1,1,1
677,0.13520118,1,3,Yes,4,0,No,No,0,0,3,6,5,2,4,0,1,0,1,1,1,1
209,0.222538995,1,3,Yes,6,0,Yes,No,0,0,3,4,2,7,5,0,1,0,1,1,1,1
224,0.222538995,1,3,Yes,5,0,Yes,No,0,1,3,7,5,2,6,0,1,0,1,1,1,1
462,0.4999727,1,4,Yes,6,0,No,No,0,1,3,5,2,6,4,0,1,0,1,1,1,1
187,0.398433995,0,3,No,5,0,No,No,1,0,3,7,2,4,5,0,1,0,1,1,1,1
269,0.357997514,1,1,No,3,0,No,No,1,1,3,6,5,4,2,0,1,0,1,1,1,1
714,0.121451907,1,1,No,4,2,Yes,No,0,1,3,7,5,6,2,0,1,0,1,1,1,1
354,1.529831556,1,3,Yes,3,0,No,No,1,0,3,7,4,6,2,0,1,0,1,1,1,1
301,0.215627847,1,3,No,4,0,Missing,Missing,1,1,3,6,2,4,5,0,1,0,1,1,1,1
392,2.46342107,1,2,Yes,5,0,Yes,No,0,1,3,5,7,2,6,0,1,0,1,1,1,1
638,0.107129748,1,1,DK,2,0,Yes,No,0,1,3,7,5,6,4,0,1,0,1,1,1,1
109,0.353037242,0,2,Yes,4,2,Yes,No,0,0,3,5,6,2,4,0,1,0,1,1,1,1
199,0.398433995,0,4,Yes,5,0,No,No,1,1,3,4,2,7,5,0,1,0,1,1,1,1
720,0.121451907,1,1,Yes,20,1,Yes,No,0,1,3,7,6,5,4,0,1,0,1,1,1,1
112,0.353037242,0,4,Yes,5,0,No,No,0,0,3,7,4,2,5,0,1,0,1,1,1,1
234,0.222538995,1,2,Yes,6,1,Yes,No,1,0,3,7,6,5,2,0,1,0,1,1,1,1
6,1.791626692,0,5,DK,5,2,No,Yes,1,1,3,6,7,5,2,0,1,0,1,1,1,1
263,0.357997514,1,1,No,6,0,No,No,0,0,3,2,4,6,5,0,1,0,1,1,1,1
367,2.012316893,1,5,Yes,5,0,No,No,1,0,3,6,7,5,4,0,1,0,1,1,1,1
1,1.791626692,0,5,Yes,2,2,No,No,1,0,4,5,7,2,3,0,1,1,0,1,1,1
95,2.177011912,0,5,Yes,5,1,No,No,1,1,4,7,3,2,6,0,1,1,0,1,1,1
3,1.791626692,0,5,Yes,4,2,No,No,0,1,4,6,2,7,3,0,1,1,0,1,1,1
84,2.177011912,0,5,Yes,4,1,No,No,0,0,4,2,3,7,6,0,1,1,0,1,1,1
247,1.369789717,1,5,Yes,4,0,No,No,1,0,4,6,3,2,5,0,1,1,0,1,1,1
248,1.369789717,1,5,DK,2,0,No,No,0,1,4,7,3,2,5,0,1,1,0,1,1,1
531,0.896102008,1,2,Yes,4,1,No,No,0,1,4,7,5,2,3,0,1,1,0,1,1,1
492,0.619125073,1,2,No,4,0,Yes,No,1,1,4,2,3,5,6,0,1,1,0,1,1,1
22,1.791626692,0,5,No,9,1,No,No,1,1,4,6,7,5,2,0,1,1,0,1,1,1
615,1.83011814,1,1,No,7,1,Yes,Yes,1,0,4,7,3,5,6,0,1,1,0,1,1,1
629,0.107129748,1,1,DK,4,0,No,No,1,1,4,6,3,2,5,0,1,1,0,1,1,1
254,1.369789717,1,4,Yes,3,0,No,No,0,1,4,5,3,7,2,0,1,1,0,1,1,1
134,0.36587496,0,4,Yes,5,0,No,No,0,0,4,7,3,5,6,0,1,1,0,1,1,1
336,3.679441025,1,2,Yes,5,0,No,No,1,0,4,7,3,5,2,0,1,1,0,1,1,1
633,0.107129748,1,3,Yes,2,0,Yes,No,0,0,4,2,3,7,6,0,1,1,0,1,1,1
16,1.791626692,0,5,No,1,0,No,No,0,1,4,5,3,6,7,0,1,1,0,1,1,1
621,1.83011814,1,1,No,5,1,Yes,Yes,1,0,4,7,3,5,6,0,1,1,0,1,1,1
487,0.619125073,1,2,No,4,0,Yes,No,0,1,4,7,3,2,6,0,1,1,0,1,1,1
261,0.357997514,1,2,No,6,2,No,No,0,0,4,6,2,5,3,0,1,1,0,1,1,1
60,1.451341275,0,5,Yes,4,0,No,No,1,1,4,7,3,6,2,0,1,1,0,1,1,1
303,0.215627847,1,4,No,5,0,Missing,No,0,0,4,6,3,2,5,0,1,1,0,1,1,1
156,0.36587496,0,2,Yes,4,0,Yes,No,1,0,4,7,5,2,6,0,1,1,0,1,1,1
23,1.791626692,0,5,DK,4,2,Yes,No,1,0,4,6,5,7,3,0,1,1,0,1,1,1
37,1.663571689,0,5,No,3,0,No,No,1,1,4,7,3,6,5,0,1,1,0,1,1,1
159,0.24070721,0,2,No,7,0,Yes,No,1,0,4,7,3,2,5,0,1,1,0,1,1,1
106,0.353037242,0,5,Yes,5,1,No,No,0,1,4,7,2,5,6,0,1,1,0,1,1,1
322,3.679441025,1,2,No,5,0,No,No,0,0,4,7,3,6,2,0,1,1,0,1,1,1
283,0.357997514,1,1,No,2,0,No,No,0,0,4,7,3,6,2,0,1,1,0,1,1,1
634,0.107129748,1,1,Yes,6,0,Yes,No,0,0,4,5,3,7,2,0,1,1,0,1,1,1
675,0.100827998,1,2,Yes,5,0,Missing,Missing,1,1,4,6,3,2,5,0,1,1,0,1,1,1
110,0.353037242,0,3,Yes,5,0,No,No,1,0,4,7,3,2,6,0,1,1,0,1,1,1
153,0.36587496,0,3,Yes,5,0,No,No,0,1,4,7,3,5,2,0,1,1,0,1,1,1
355,1.529831556,1,2,DK,3,1,Missing,No,0,0,4,7,3,5,2,0,1,1,0,1,1,1
155,0.36587496,0,2,Yes,4,0,No,No,1,0,4,7,3,2,6,0,1,1,0,1,1,1
451,0.4999727,1,3,Yes,4,1,No,No,0,1,4,7,3,5,2,0,1,1,0,1,1,1
62,1.451341275,0,5,DK,6,2,No,No,1,1,4,7,3,6,2,0,1,1,0,1,1,1
680,0.13520118,1,1,DK,4,0,No,No,1,1,4,2,3,7,5,0,1,1,0,1,1,1
548,0.813360882,1,1,Yes,3,1,Yes,No,1,1,4,7,5,2,6,0,1,1,0,1,1,1
724,0.121451907,1,1,DK,4,0,Yes,No,1,1,4,7,3,5,6,0,1,1,0,1,1,1
617,1.83011814,1,1,No,5,0,Yes,No,0,0,4,7,3,5,6,0,1,1,0,1,1,1
310,0.215627847,1,5,No,3,0,No,No,1,0,4,6,3,2,5,0,1,1,0,1,1,1
432,1.001113561,1,5,Yes,4,0,No,No,1,0,4,7,3,5,2,0,1,1,0,1,1,1
74,1.451341275,0,4,Yes,7,1,Yes,No,0,1,4,7,3,2,6,0,1,1,0,1,1,1
543,0.896102008,1,2,Yes,5,0,No,No,0,0,4,6,3,7,2,0,1,1,0,1,1,1
583,0.747792442,1,1,Yes,8,0,No,No,1,1,4,7,5,6,2,0,1,1,0,1,1,1
114,0.353037242,0,2,Yes,5,0,No,No,0,1,4,7,3,6,5,0,1,1,0,1,1,1
564,0.813360882,1,1,Yes,6,1,Yes,No,0,1,4,7,3,2,5,0,1,1,0,1,1,1
475,0.619125073,1,2,No,4,0,Yes,No,0,0,4,7,3,5,6,0,1,1,0,1,1,1
252,1.369789717,1,1,Yes,3,0,Yes,No,0,0,5,2,4,1,5,1,1,0,1,1,0,1
2,1.791626692,0,5,No,4,0,No,No,0,0,5,1,7,4,2,1,1,0,1,1,0,1
17,1.791626692,0,5,No,4,2,No,Yes,1,0,5,5,2,4,1,1,1,0,1,1,0,1
339,1.529831556,1,1,No,4,0,Yes,No,0,1,5,5,7,1,4,1,1,0,1,1,0,1
455,0.4999727,1,1,DK,4,0,Missing,Yes,0,1,5,1,4,7,2,1,1,0,1,1,0,1
309,0.215627847,1,5,DK,5,1,No,No,1,1,5,7,5,1,4,1,1,0,1,1,0,1
344,1.529831556,1,1,No,4,0,No,No,1,0,5,2,4,5,1,1,1,0,1,1,0,1
56,1.451341275,0,5,No,6,0,No,No,0,0,5,1,4,5,2,1,1,0,1,1,0,1
217,0.222538995,1,3,Yes,7,1,Yes,No,1,1,5,1,2,4,5,1,1,0,1,1,0,1
618,1.83011814,1,1,No,6,0,Yes,No,0,0,5,7,4,1,2,1,1,0,1,1,0,1
589,0.747792442,1,2,Yes,4,0,Yes,No,0,0,5,7,5,1,4,1,1,0,1,1,0,1
341,1.529831556,1,3,Yes,4,1,No,No,1,1,5,5,7,1,4,1,1,0,1,1,0,1
693,0.13520118,1,2,DK,6,1,No,Yes,0,1,5,7,4,2,5,1,1,0,1,1,0,1
513,0.835234768,1,5,Yes,4,0,No,No,1,0,5,1,7,5,2,1,1,0,1,1,0,1
439,1.001113561,1,3,Yes,4,0,No,No,1,0,5,7,4,2,5,1,1,0,1,1,0,1
77,1.451341275,0,5,Yes,7,1,No,No,1,0,5,7,2,1,5,1,1,0,1,1,0,1
507,0.835234768,1,5,DK,4,0,No,No,0,1,5,1,7,2,4,1,1,0,1,1,0,1
550,0.813360882,1,3,Yes,4,2,Yes,No,0,1,5,2,5,1,4,1,1,0,1,1,0,1
228,0.222538995,1,4,No,5,0,Yes,No,0,0,5,7,5,1,4,1,1,0,1,1,0,1
647,0.107129748,1,1,DK,6,0,Yes,No,0,1,5,7,2,1,4,1,1,0,1,1,0,1
484,0.619125073,1,1,No,4,0,No,No,1,1,5,1,4,5,2,1,1,0,1,1,0,1
230,0.222538995,1,3,Yes,5,0,No,No,0,1,5,1,4,7,5,1,1,0,1,1,0,1
337,3.679441025,1,3,DK,6,1,No,No,1,1,5,4,7,5,1,1,1,0,1,1,0,1
674,0.100827998,1,1,Yes,4,0,Missing,Missing,1,1,5,1,5,2,4,1,1,0,1,1,0,1
33,1.663571689,0,4,DK,1,0,No,No,0,1,5,7,2,1,4,1,1,0,1,1,0,1
626,0.107129748,1,1,DK,5,1,No,No,0,0,5,2,1,5,4,1,1,0,1,1,0,1
520,0.835234768,1,4,DK,5,1,No,No,1,0,5,1,2,5,7,1,1,0,1,1,0,1
223,0.222538995,1,4,No,5,1,No,No,0,1,5,1,5,7,4,1,1,0,1,1,0,1
640,0.107129748,1,1,Yes,4,2,Yes,No,0,0,5,1,4,7,2,1,1,0,1,1,0,1
683,0.13520118,1,2,DK,6,1,No,No,1,1,5,7,5,1,2,1,1,0,1,1,0,1
465,0.4999727,1,1,No,6,0,Yes,No,0,1,5,7,2,1,4,1,1,0,1,1,0,1
403,2.46342107,1,2,DK,5,0,Yes,No,1,0,5,7,2,5,4,1,1,0,1,1,0,1
620,1.83011814,1,1,No,3,0,Yes,No,0,1,5,7,2,1,4,1,1,0,1,1,0,1
297,0.215627847,1,2,No,5,1,No,No,1,1,5,7,5,1,4,1,1,0,1,1,0,1
201,0.398433995,0,3,No,5,0,No,No,1,1,5,1,2,4,5,1,1,0,1,1,0,1
673,0.100827998,1,3,Yes,9,0,Missing,No,0,0,5,2,5,1,4,1,1,0,1,1,0,1
276,0.357997514,1,1,No,2,0,No,No,0,0,5,1,4,5,2,1,1,0,1,1,0,1
545,0.896102008,1,2,Yes,5,1,Yes,No,0,1,5,4,2,1,5,1,1,0,1,1,0,1
194,0.398433995,0,3,Yes,4,0,No,No,1,1,5,2,5,1,4,1,1,0,1,1,0,1
410,2.46342107,1,5,Yes,6,1,No,No,1,0,5,5,2,7,4,1,1,0,1,1,0,1
53,1.451341275,0,5,DK,4,0,No,No,0,0,5,1,4,5,2,1,1,0,1,1,0,1
227,0.222538995,1,4,No,3,0,No,No,1,1,5,2,5,7,4,1,1,0,1,1,0,1
144,0.36587496,0,2,Yes,5,0,No,No,1,1,5,7,5,1,4,1,1,0,1,1,0,1
470,0.619125073,1,3,Yes,4,0,Yes,No,1,0,5,1,4,5,2,1,1,0,1,1,0,1
706,0.121451907,1,1,No,4,0,No,No,1,0,5,1,4,5,7,1,1,0,1,1,0,1
350,1.529831556,1,3,DK,5,1,No,No,1,0,5,1,5,7,4,1,1,0,1,1,0,1
202,0.398433995,0,3,Yes,6,1,No,No,1,0,5,1,5,7,4,1,1,0,1,1,0,1
121,0.353037242,0,3,DK,4,0,No,No,0,0,5,2,7,4,5,1,1,0,1,1,0,1
723,0.121451907,1,1,DK,8,2,Yes,No,1,1,6,7,3,4,6,0,1,1,1,0,1,1
656,0.100827998,1,2,DK,6,0,No,No,1,1,6,6,3,2,7,0,1,1,1,0,1,1
678,0.13520118,1,1,DK,5,0,No,No,0,1,6,7,3,6,2,0,1,1,1,0,1,1
412,2.46342107,1,4,Yes,6,0,No,No,0,0,6,4,3,6,2,0,1,1,1,0,1,1
51,1.663571689,0,4,No,2,1,No,No,0,1,6,4,3,6,2,0,1,1,1,0,1,1
637,0.107129748,1,1,Yes,5,0,Yes,No,0,1,6,7,4,6,3,0,1,1,1,0,1,1
631,0.107129748,1,2,DK,5,1,No,Yes,0,0,6,6,3,4,2,0,1,1,1,0,1,1
456,0.4999727,1,3,Yes,7,0,No,No,1,1,6,6,2,4,3,0,1,1,1,0,1,1
676,0.100827998,1,3,Yes,6,0,Missing,Missing,0,0,6,6,4,2,3,0,1,1,1,0,1,1
145,0.36587496,0,4,Yes,6,2,No,No,1,1,6,4,3,7,2,0,1,1,1,0,1,1
305,0.215627847,1,4,No,3,0,Missing,Missing,0,0,6,6,3,4,2,0,1,1,1,0,1,1
501,0.835234768,1,4,Yes,4,0,No,No,0,1,6,7,3,4,2,0,1,1,1,0,1,1
559,0.813360882,1,1,Yes,10,0,No,No,1,0,6,4,2,3,6,0,1,1,1,0,1,1
164,0.24070721,0,3,Yes,3,0,Yes,No,1,0,6,2,6,7,3,0,1,1,1,0,1,1
117,0.353037242,0,3,Yes,3,0,Yes,No,1,1,6,2,3,4,6,0,1,1,1,0,1,1
212,0.222538995,1,4,Yes,5,0,No,No,1,1,6,4,3,7,2,0,1,1,1,0,1,1
66,1.451341275,0,4,Yes,5,1,No,No,0,1,6,7,3,2,6,0,1,1,1,0,1,1
662,0.100827998,1,1,DK,5,1,No,No,1,1,6,7,2,6,4,0,1,1,1,0,1,1
111,0.353037242,0,2,Yes,4,0,No,No,0,0,6,7,3,2,4,0,1,1,1,0,1,1
369,2.012316893,1,2,Yes,2,2,Missing,No,1,1,6,6,3,2,7,0,1,1,1,0,1,1
393,2.46342107,1,2,DK,5,0,Missing,No,0,0,6,6,3,2,7,0,1,1,1,0,1,1
384,2.012316893,1,2,DK,5,0,No,No,0,0,6,6,3,7,2,0,1,1,1,0,1,1
115,0.353037242,0,3,Yes,1,0,No,No,0,1,6,2,3,4,7,0,1,1,1,0,1,1
118,0.353037242,0,4,Yes,4,0,No,No,0,0,6,7,3,2,6,0,1,1,1,0,1,1
708,0.121451907,1,1,No,3,0,No,No,1,1,6,6,3,2,4,0,1,1,1,0,1,1
214,0.222538995,1,4,Yes,7,2,No,No,1,0,6,4,3,6,2,0,1,1,1,0,1,1
711,0.121451907,1,1,DK,6,0,No,No,0,1,6,7,2,6,3,0,1,1,1,0,1,1
446,0.4999727,1,4,Yes,5,1,No,No,0,1,6,6,3,4,2,0,1,1,1,0,1,1
266,0.357997514,1,5,DK,6,0,No,No,0,1,6,6,4,2,3,0,1,1,1,0,1,1
137,0.36587496,0,2,Yes,7,0,Yes,No,0,0,6,7,2,4,3,0,1,1,1,0,1,1
473,0.619125073,1,1,Yes,3,2,Yes,No,0,1,6,7,6,4,3,0,1,1,1,0,1,1
250,1.369789717,1,5,No,5,2,No,No,1,1,6,6,3,4,2,0,1,1,1,0,1,1
220,0.222538995,1,3,Yes,5,0,No,No,0,0,6,4,2,7,3,0,1,1,1,0,1,1
195,0.398433995,0,3,Yes,6,1,No,No,1,0,6,4,3,7,2,0,1,1,1,0,1,1
235,1.369789717,1,5,Yes,2,1,No,No,0,1,6,2,7,6,3,0,1,1,1,0,1,1
406,2.46342107,1,2,Yes,6,0,No,No,1,0,6,6,4,7,2,0,1,1,1,0,1,1
94,2.177011912,0,5,Yes,7,2,No,No,1,0,6,2,3,7,6,0,1,1,1,0,1,1
600,1.83011814,1,1,No,6,0,Yes,Yes,0,1,6,7,4,6,3,0,1,1,1,0,1,1
710,0.121451907,1,1,Yes,5,0,No,No,0,1,6,6,3,2,4,0,1,1,1,0,1,1
289,0.215627847,1,5,Yes,5,0,No,No,0,0,6,2,3,6,4,0,1,1,1,0,1,1
434,1.001113561,1,4,No,2,0,No,No,1,0,6,6,3,4,2,0,1,1,1,0,1,1
351,1.529831556,1,3,Yes,4,1,Missing,No,0,0,6,7,3,4,2,0,1,1,1,0,1,1
306,0.215627847,1,5,Yes,5,0,No,No,1,1,6,7,3,6,4,0,1,1,1,0,1,1
596,0.747792442,1,1,Yes,3,0,Yes,Yes,1,1,6,7,4,2,6,0,1,1,1,0,1,1
464,0.4999727,1,4,Yes,5,1,No,No,1,0,6,4,3,7,2,0,1,1,1,0,1,1
81,2.177011912,0,5,Yes,6,1,No,No,1,0,6,4,3,6,2,0,1,1,1,0,1,1
552,0.813360882,1,1,Yes,2,2,No,No,1,0,6,7,3,4,2,0,1,1,1,0,1,1
70,1.451341275,0,4,DK,5,0,No,No,1,0,6,6,2,7,3,0,1,1,1,0,1,1
526,0.896102008,1,2,Yes,3,0,No,No,1,0,6,2,6,7,4,0,1,1,1,0,1,1
98,2.177011912,0,5,Yes,4,0,No,No,0,0,7,7,3,1,5,1,0,1,0,1,1,1
535,0.896102008,1,4,No,6,1,No,No,0,0,7,6,1,7,5,1,0,1,0,1,1,1
494,0.619125073,1,5,Yes,5,1,No,No,0,0,7,1,3,7,5,1,0,1,0,1,1,1
663,0.100827998,1,2,DK,2,0,No,No,1,1,7,6,3,7,1,1,0,1,0,1,1,1
408,2.46342107,1,2,Yes,4,0,No,No,0,0,7,5,6,1,3,1,0,1,0,1,1,1
258,1.369789717,1,1,No,2,0,No,No,1,0,7,6,3,1,5,1,0,1,0,1,1,1
580,0.747792442,1,1,Yes,4,0,Yes,No,1,1,7,1,3,7,5,1,0,1,0,1,1,1
149,0.36587496,0,2,Yes,6,1,Yes,No,0,1,7,7,3,1,6,1,0,1,0,1,1,1
260,1.369789717,1,1,No,4,0,No,No,1,0,7,5,7,6,1,1,0,1,0,1,1,1
387,2.012316893,1,1,Yes,3,0,Missing,No,1,1,7,7,3,5,1,1,0,1,0,1,1,1
654,0.100827998,1,2,DK,6,2,No,No,0,1,7,6,3,1,5,1,0,1,0,1,1,1
96,2.177011912,0,4,Yes,3,0,No,No,0,1,7,7,3,1,6,1,0,1,0,1,1,1
358,1.529831556,1,5,Yes,5,1,No,No,1,1,7,5,3,7,1,1,0,1,0,1,1,1
685,0.13520118,1,3,DK,3,0,No,No,1,1,7,6,5,1,3,1,0,1,0,1,1,1
135,0.36587496,0,3,Yes,5,0,No,No,1,0,7,7,3,1,6,1,0,1,0,1,1,1
172,0.24070721,0,2,DK,5,0,No,No,0,1,7,7,5,1,3,1,0,1,0,1,1,1
622,1.83011814,1,3,No,8,0,No,No,1,0,7,7,3,1,6,1,0,1,0,1,1,1
646,0.107129748,1,1,Yes,5,0,Yes,No,1,1,7,7,3,1,6,1,0,1,0,1,1,1
480,0.619125073,1,4,Yes,7,1,No,No,1,0,7,5,3,7,6,1,0,1,0,1,1,1
189,0.398433995,0,3,Yes,7,1,No,No,1,0,7,7,3,1,5,1,0,1,0,1,1,1
116,0.353037242,0,2,Yes,6,0,Yes,No,0,1,7,1,7,3,6,1,0,1,0,1,1,1
328,3.679441025,1,3,Yes,6,0,No,No,0,1,7,7,3,5,6,1,0,1,0,1,1,1
661,0.100827998,1,1,DK,4,0,No,No,0,0,7,5,3,6,1,1,0,1,0,1,1,1
414,2.46342107,1,4,Yes,5,1,No,Yes,1,0,7,6,3,5,1,1,0,1,0,1,1,1
311,0.215627847,1,5,Yes,5,0,No,No,0,1,7,6,3,1,5,1,0,1,0,1,1,1
210,0.222538995,1,3,No,8,0,No,No,0,0,7,1,3,7,6,1,0,1,0,1,1,1
415,2.46342107,1,4,Yes,6,0,Yes,No,0,1,7,6,3,5,1,1,0,1,0,1,1,1
391,2.46342107,1,2,Yes,5,0,Yes,No,1,0,7,7,3,5,1,1,0,1,0,1,1,1
236,1.369789717,1,1,No,7,0,No,No,0,0,7,6,1,5,7,1,0,1,0,1,1,1
69,1.451341275,0,3,No,6,1,No,No,1,0,7,7,3,1,6,1,0,1,0,1,1,1
511,0.835234768,1,3,Yes,3,1,Yes,No,0,0,7,7,3,1,5,1,0,1,0,1,1,1
728,0.121451907,1,2,Yes,7,2,Yes,No,1,1,7,7,3,5,6,1,0,1,0,1,1,1
444,0.4999727,1,1,No,4,1,Yes,No,1,0,7,6,3,7,5,1,0,1,0,1,1,1
8,1.791626692,0,5,Yes,3,0,No,No,1,1,7,7,3,6,1,1,0,1,0,1,1,1
277,0.357997514,1,5,Yes,3,0,No,No,0,1,7,6,3,5,1,1,0,1,0,1,1,1
279,0.357997514,1,5,Yes,4,0,No,No,1,1,7,6,1,7,5,1,0,1,0,1,1,1
271,0.357997514,1,3,No,7,2,No,No,0,1,7,7,5,6,3,1,0,1,0,1,1,1
241,1.369789717,1,5,Yes,10,2,No,No,1,1,7,6,3,7,5,1,0,1,0,1,1,1
417,1.001113561,1,4,Yes,6,2,No,No,1,0,7,1,6,5,3,1,0,1,0,1,1,1
692,0.13520118,1,1,No,5,0,Missing,No,1,0,7,6,3,5,1,1,0,1,0,1,1,1
613,1.83011814,1,1,No,5,1,Yes,No,0,0,7,7,3,1,5,1,0,1,0,1,1,1
437,1.001113561,1,5,DK,6,1,No,No,0,0,7,7,3,1,6,1,0,1,0,1,1,1
704,0.121451907,1,2,Yes,4,1,Yes,No,0,1,7,6,3,5,1,1,0,1,0,1,1,1
353,1.529831556,1,3,No,4,0,No,No,1,1,7,6,7,5,3,1,0,1,0,1,1,1
181,0.24070721,0,3,Yes,5,1,No,No,0,0,7,1,5,7,3,1,0,1,0,1,1,1
597,0.747792442,1,2,Yes,6,0,Yes,No,0,0,7,7,5,1,6,1,0,1,0,1,1,1
422,1.001113561,1,2,Yes,7,2,Yes,No,1,1,7,1,3,7,6,1,0,1,0,1,1,1
515,0.835234768,1,4,Yes,8,2,No,No,0,1,7,1,3,6,7,1,0,1,0,1,1,1
128,0.353037242,0,3,Yes,2,2,No,No,1,0,8,4,6,7,2,1,1,0,1,0,1,1
447,0.4999727,1,3,Yes,4,0,Missing,No,1,1,8,7,4,1,2,1,1,0,1,0,1,1
609,1.83011814,1,1,No,9,1,No,Yes,0,0,8,1,2,7,4,1,1,0,1,0,1,1
321,3.679441025,1,4,DK,4,1,No,No,1,0,8,6,2,4,1,1,1,0,1,0,1,1
530,0.896102008,1,2,Yes,7,0,No,No,0,1,8,7,1,2,6,1,1,0,1,0,1,1
170,0.24070721,0,3,Yes,5,1,No,No,0,1,8,7,6,2,4,1,1,0,1,0,1,1
696,0.13520118,1,1,Yes,4,0,No,Yes,0,0,8,1,2,6,4,1,1,0,1,0,1,1
20,1.791626692,0,4,No,6,1,No,No,1,0,8,6,7,2,4,1,1,0,1,0,1,1
488,0.619125073,1,1,No,6,0,Yes,No,0,0,8,1,2,6,4,1,1,0,1,0,1,1
268,0.357997514,1,1,No,1,0,No,Yes,1,0,8,7,6,4,2,1,1,0,1,0,1,1
377,2.012316893,1,1,Yes,4,0,Missing,No,0,1,8,7,4,1,6,1,1,0,1,0,1,1
278,0.357997514,1,3,No,4,0,No,No,1,1,8,7,6,1,4,1,1,0,1,0,1,1
307,0.215627847,1,4,DK,3,0,No,Missing,1,0,8,6,2,4,1,1,1,0,1,0,1,1
433,1.001113561,1,4,DK,8,2,No,No,0,0,8,1,7,4,6,1,1,0,1,0,1,1
607,1.83011814,1,1,No,6,0,Yes,Yes,1,0,8,1,4,7,2,1,1,0,1,0,1,1
314,3.679441025,1,2,DK,4,0,No,No,0,0,8,1,7,6,4,1,1,0,1,0,1,1
474,0.619125073,1,2,DK,4,0,Yes,No,1,0,8,1,4,7,2,1,1,0,1,0,1,1
9,1.791626692,0,5,DK,3,2,No,No,1,0,8,6,7,1,2,1,1,0,1,0,1,1
49,1.663571689,0,4,Yes,3,1,No,No,0,0,8,1,7,4,2,1,1,0,1,0,1,1
89,2.177011912,0,4,Yes,6,0,No,Missing,0,1,8,1,6,7,2,1,1,0,1,0,1,1
505,0.835234768,1,5,DK,6,0,No,Yes,0,1,8,6,7,1,2,1,1,0,1,0,1,1
360,1.529831556,1,5,Yes,5,0,No,No,1,1,8,7,4,1,2,1,1,0,1,0,1,1
24,1.791626692,0,5,No,6,2,No,No,0,0,8,6,2,4,1,1,1,0,1,0,1,1
120,0.353037242,0,4,Yes,6,1,No,No,0,0,8,1,2,7,6,1,1,0,1,0,1,1
123,0.353037242,0,2,Yes,3,1,Yes,No,0,0,8,1,7,2,6,1,1,0,1,0,1,1
703,0.121451907,1,1,Yes,5,0,No,No,1,1,8,7,2,6,1,1,1,0,1,0,1,1
4,1.791626692,0,5,Yes,3,2,No,No,1,1,8,1,6,4,7,1,1,0,1,0,1,1
338,3.679441025,1,1,No,4,0,No,No,1,0,8,7,4,1,2,1,1,0,1,0,1,1
30,1.663571689,0,4,Yes,2,2,No,No,1,1,8,6,2,4,1,1,1,0,1,0,1,1
593,0.747792442,1,2,Yes,8,0,Yes,No,1,1,8,7,4,1,6,1,1,0,1,0,1,1
664,0.100827998,1,3,No,5,0,No,No,1,0,8,6,4,2,7,1,1,0,1,0,1,1
491,0.619125073,1,3,Yes,6,0,Yes,No,1,1,8,7,4,1,6,1,1,0,1,0,1,1
93,2.177011912,0,4,Yes,6,2,No,No,0,1,8,7,6,1,2,1,1,0,1,0,1,1
174,0.24070721,0,4,Yes,4,2,Yes,No,0,1,8,1,6,2,4,1,1,0,1,0,1,1
232,0.222538995,1,3,Yes,5,1,Yes,No,0,0,8,7,6,1,2,1,1,0,1,0,1,1
319,3.679441025,1,3,No,5,0,No,No,0,1,8,6,1,2,4,1,1,0,1,0,1,1
606,1.83011814,1,2,No,4,2,No,No,0,1,8,7,6,1,2,1,1,0,1,0,1,1
162,0.24070721,0,4,Yes,5,0,No,No,1,1,8,7,4,1,2,1,1,0,1,0,1,1
148,0.36587496,0,3,Yes,6,0,No,No,0,0,8,7,6,2,1,1,1,0,1,0,1,1
82,2.177011912,0,5,DK,11,2,No,No,0,1,8,6,4,2,1,1,1,0,1,0,1,1
423,1.001113561,1,3,Yes,5,0,No,Yes,0,1,8,1,7,2,6,1,1,0,1,0,1,1
556,0.813360882,1,4,Yes,5,1,No,No,1,0,8,7,6,4,1,1,1,0,1,0,1,1
716,0.121451907,1,1,No,8,2,Yes,Yes,1,1,8,7,2,1,4,1,1,0,1,0,1,1
435,1.001113561,1,5,DK,6,2,No,No,1,1,8,7,6,1,2,1,1,0,1,0,1,1
658,0.100827998,1,3,DK,5,2,No,No,1,1,8,6,2,1,7,1,1,0,1,0,1,1
161,0.24070721,0,2,Yes,4,0,No,No,0,1,8,7,6,4,1,1,1,0,1,0,1,1
443,0.4999727,1,1,No,5,0,Missing,No,0,0,8,7,6,1,4,1,1,0,1,0,1,1
578,0.747792442,1,3,Yes,6,0,Yes,No,1,0,8,4,2,7,6,1,1,0,1,0,1,1
335,3.679441025,1,4,Yes,4,0,No,No,0,0,9,1,3,2,7,1,1,1,1,0,0,1
27,1.663571689,0,4,Yes,2,2,No,No,1,0,9,1,3,4,2,1,1,1,1,0,0,1
681,0.13520118,1,2,No,4,0,No,No,1,1,9,7,4,2,1,1,1,1,1,0,0,1
308,0.215627847,1,5,DK,6,0,No,No,0,1,9,7,3,1,2,1,1,1,1,0,0,1
563,0.813360882,1,2,Yes,5,1,No,No,0,1,9,1,2,4,3,1,1,1,1,0,0,1
185,0.398433995,0,4,Yes,7,1,No,No,0,1,9,7,2,4,3,1,1,1,1,0,0,1
76,1.451341275,0,5,Yes,5,0,No,No,1,0,9,1,3,7,4,1,1,1,1,0,0,1
346,1.529831556,1,2,Yes,7,1,Yes,No,1,0,9,1,2,7,4,1,1,1,1,0,0,1
644,0.107129748,1,1,DK,7,2,Yes,No,0,1,9,7,3,1,2,1,1,1,1,0,0,1
36,1.663571689,0,4,DK,4,0,No,No,0,1,9,2,3,4,1,1,1,1,1,0,0,1
585,0.747792442,1,2,Yes,5,0,Yes,No,1,0,9,1,2,7,3,1,1,1,1,0,0,1
130,0.353037242,0,3,Yes,5,0,Yes,No,0,1,9,2,3,7,4,1,1,1,1,0,0,1
667,0.100827998,1,3,Yes,6,0,Missing,Missing,0,1,9,7,3,1,4,1,1,1,1,0,0,1
672,0.100827998,1,2,Yes,7,0,Missing,Missing,0,0,9,1,3,2,4,1,1,1,1,0,0,1
602,1.83011814,1,1,No,5,0,Yes,No,0,0,9,1,2,7,3,1,1,1,1,0,0,1
287,0.215627847,1,4,No,3,0,No,No,1,1,9,7,4,1,3,1,1,1,1,0,0,1
686,0.13520118,1,2,DK,3,0,No,No,0,0,9,2,3,1,4,1,1,1,1,0,0,1
427,1.001113561,1,2,Yes,6,0,Yes,No,0,0,9,1,3,7,4,1,1,1,1,0,0,1
294,0.215627847,1,5,DK,4,0,No,No,1,1,9,7,3,1,4,1,1,1,1,0,0,1
21,1.791626692,0,5,Yes,4,2,No,No,0,0,9,7,3,1,2,1,1,1,1,0,0,1
47,1.663571689,0,4,Yes,3,2,No,No,0,0,9,1,2,4,3,1,1,1,1,0,0,1
129,0.353037242,0,2,Yes,6,0,Yes,No,1,0,9,1,3,7,2,1,1,1,1,0,0,1
333,3.679441025,1,2,No,5,0,Missing,No,1,1,9,7,4,1,3,1,1,1,1,0,0,1
428,1.001113561,1,1,DK,2,2,Yes,No,1,1,9,4,3,1,2,1,1,1,1,0,0,1
257,1.369789717,1,1,No,4,0,No,No,1,0,9,2,4,7,1,1,1,1,1,0,0,1
660,0.100827998,1,1,DK,5,1,No,No,0,0,9,1,3,2,4,1,1,1,1,0,0,1
249,1.369789717,1,5,DK,5,0,No,No,1,0,9,2,3,1,4,1,1,1,1,0,0,1
58,1.451341275,0,4,Yes,5,1,No,No,1,0,9,7,3,1,2,1,1,1,1,0,0,1
219,0.222538995,1,4,Yes,5,0,No,No,1,1,9,1,2,7,3,1,1,1,1,0,0,1
490,0.619125073,1,5,Yes,6,2,No,No,1,1,9,7,3,4,2,1,1,1,1,0,0,1
288,0.215627847,1,4,DK,5,1,No,No,1,1,9,1,4,2,3,1,1,1,1,0,0,1
359,1.529831556,1,3,Yes,6,1,Missing,No,1,0,9,1,7,4,3,1,1,1,1,0,0,1
396,2.46342107,1,2,No,4,0,No,No,0,0,9,1,3,4,7,1,1,1,1,0,0,1
590,0.747792442,1,3,Yes,5,0,No,No,0,0,9,7,3,1,4,1,1,1,1,0,0,1
565,0.813360882,1,3,Yes,6,0,Yes,No,0,0,9,7,2,1,4,1,1,1,1,0,0,1
390,2.012316893,1,5,Yes,3,1,No,No,0,1,9,2,3,4,1,1,1,1,1,0,0,1
206,0.398433995,0,3,No,5,2,No,No,1,0,9,7,3,4,2,1,1,1,1,0,0,1
700,0.13520118,1,4,DK,3,0,No,Yes,0,0,9,2,3,1,4,1,1,1,1,0,0,1
504,0.835234768,1,4,Yes,6,1,No,No,0,1,9,4,3,1,2,1,1,1,1,0,0,1
139,0.36587496,0,4,Yes,4,0,No,No,1,1,9,2,4,7,3,1,1,1,1,0,0,1
345,1.529831556,1,4,DK,8,2,Yes,No,0,1,9,1,7,2,3,1,1,1,1,0,0,1
718,0.121451907,1,1,No,7,1,Yes,No,1,0,9,1,4,7,3,1,1,1,1,0,0,1
190,0.398433995,0,4,Yes,4,0,No,No,1,1,9,7,3,1,4,1,1,1,1,0,0,1
549,0.813360882,1,1,Yes,4,0,Yes,Yes,1,1,9,4,3,1,2,1,1,1,1,0,0,1
650,0.107129748,1,3,Yes,7,0,Yes,No,1,0,9,7,3,1,2,1,1,1,1,0,0,1
579,0.747792442,1,1,Yes,6,0,No,No,0,1,9,1,2,4,3,1,1,1,1,0,0,1
327,3.679441025,1,2,Yes,8,1,No,No,0,1,9,7,3,1,2,1,1,1,1,0,0,1
701,0.13520118,1,1,No,3,0,No,No,0,0,9,7,3,4,1,1,1,1,1,0,0,1
690,0.13520118,1,1,DK,6,2,Missing,No,1,1,9,1,3,2,4,1,1,1,1,0,0,1
326,3.679441025,1,4,No,5,0,No,No,0,0,9,1,4,7,3,1,1,1,1,0,0,1
707,0.121451907,1,1,DK,3,0,No,No,0,0,10,6,7,1,2,1,1,0,0,1,1,1
361,1.529831556,1,2,No,3,0,Missing,No,0,1,10,7,2,5,1,1,1,0,0,1,1,1
577,0.747792442,1,3,Yes,7,1,Yes,No,0,1,10,7,2,1,5,1,1,0,0,1,1,1
44,1.663571689,0,5,No,3,2,No,No,1,1,10,1,2,6,7,1,1,0,0,1,1,1
317,3.679441025,1,2,DK,4,0,No,No,1,0,10,5,6,2,1,1,1,0,0,1,1,1
572,0.813360882,1,2,Yes,4,0,Yes,No,1,0,10,1,5,7,6,1,1,0,0,1,1,1
586,0.747792442,1,2,Yes,4,0,Yes,No,0,1,10,7,2,1,5,1,1,0,0,1,1,1
688,0.13520118,1,1,DK,5,0,No,No,0,0,10,6,5,2,1,1,1,0,0,1,1,1
42,1.663571689,0,5,Yes,2,1,No,No,0,1,10,6,7,2,5,1,1,0,0,1,1,1
653,0.100827998,1,1,DK,6,1,Missing,Missing,1,0,10,6,1,5,2,1,1,0,0,1,1,1
449,0.4999727,1,3,Yes,7,1,Yes,No,0,0,10,7,2,5,1,1,1,0,0,1,1,1
424,1.001113561,1,5,DK,6,2,No,No,0,0,10,1,6,5,2,1,1,0,0,1,1,1
38,1.663571689,0,4,Yes,2,1,No,No,1,1,10,7,2,6,5,1,1,0,0,1,1,1
78,1.451341275,0,5,Yes,6,0,No,No,1,1,10,7,5,1,6,1,1,0,0,1,1,1
75,1.451341275,0,4,Yes,5,0,No,No,1,0,10,7,6,2,1,1,1,0,0,1,1,1
208,0.398433995,0,3,No,4,0,No,No,0,0,10,7,5,1,6,1,1,0,0,1,1,1
649,0.107129748,1,1,Yes,5,0,Yes,No,0,1,10,7,6,1,2,1,1,0,0,1,1,1
429,1.001113561,1,4,Yes,4,2,No,No,0,1,10,7,6,1,2,1,1,0,0,1,1,1
383,2.012316893,1,2,DK,6,0,Missing,No,1,0,10,7,6,5,2,1,1,0,0,1,1,1
566,0.813360882,1,2,Yes,8,0,No,No,1,0,10,7,5,1,2,1,1,0,0,1,1,1
246,1.369789717,1,5,Yes,4,1,No,No,1,1,10,7,1,6,2,1,1,0,0,1,1,1
687,0.13520118,1,2,Yes,5,0,No,No,1,1,10,7,5,6,2,1,1,0,0,1,1,1
90,2.177011912,0,4,DK,4,1,No,No,1,0,10,7,2,1,6,1,1,0,0,1,1,1
502,0.835234768,1,5,Yes,5,1,No,Yes,1,0,10,2,6,1,7,1,1,0,0,1,1,1
87,2.177011912,0,4,No,3,0,No,No,0,0,10,6,1,2,5,1,1,0,0,1,1,1
80,2.177011912,0,5,DK,3,0,No,No,0,1,10,6,1,7,5,1,1,0,0,1,1,1
177,0.24070721,0,2,Yes,7,0,No,No,1,0,10,1,2,7,5,1,1,0,0,1,1,1
665,0.100827998,1,3,Yes,4,0,Missing,No,0,0,10,6,5,2,1,1,1,0,0,1,1,1
483,0.619125073,1,5,Yes,10,2,No,No,0,0,10,7,6,1,2,1,1,0,0,1,1,1
635,0.107129748,1,2,DK,4,0,No,No,1,1,10,7,2,1,5,1,1,0,0,1,1,1
652,0.100827998,1,3,Yes,5,0,No,No,1,1,10,6,2,5,7,1,1,0,0,1,1,1
45,1.663571689,0,5,Yes,3,2,No,No,1,1,10,7,6,1,2,1,1,0,0,1,1,1
125,0.353037242,0,1,Yes,5,0,Yes,No,0,1,10,1,2,7,5,1,1,0,0,1,1,1
97,2.177011912,0,5,Yes,5,2,No,No,1,1,10,7,5,1,2,1,1,0,0,1,1,1
405,2.46342107,1,2,DK,4,0,Missing,No,0,0,10,1,7,5,6,1,1,0,0,1,1,1
546,0.896102008,1,2,Yes,1,0,Yes,No,0,1,10,7,2,1,6,1,1,0,0,1,1,1
154,0.36587496,0,2,Yes,5,1,No,No,0,1,10,1,5,7,6,1,1,0,0,1,1,1
233,0.222538995,1,3,Yes,5,0,Yes,No,0,0,10,7,6,1,5,1,1,0,0,1,1,1
512,0.835234768,1,5,DK,5,1,No,No,0,0,10,1,2,7,6,1,1,0,0,1,1,1
68,1.451341275,0,4,Yes,8,0,No,No,0,1,10,7,2,1,6,1,1,0,0,1,1,1
151,0.36587496,0,2,No,8,1,No,No,1,0,10,1,2,7,5,1,1,0,0,1,1,1
243,1.369789717,1,5,No,3,0,No,No,1,0,10,6,5,2,1,1,1,0,0,1,1,1
256,1.369789717,1,2,No,3,0,No,No,1,1,10,7,6,2,5,1,1,0,0,1,1,1
19,1.791626692,0,5,No,3,0,No,No,0,1,10,6,7,1,2,1,1,0,0,1,1,1
395,2.46342107,1,3,Yes,4,1,No,No,0,0,10,5,7,2,1,1,1,0,0,1,1,1
436,1.001113561,1,5,Yes,5,1,No,No,1,0,10,5,1,7,2,1,1,0,0,1,1,1
603,1.83011814,1,1,No,2,0,Yes,No,1,1,10,7,2,1,5,1,1,0,0,1,1,1
715,0.121451907,1,1,DK,7,0,No,No,1,1,10,7,2,1,6,1,1,0,0,1,1,1
292,0.215627847,1,4,DK,5,0,No,No,0,0,11,6,3,7,2,1,1,1,0,0,1,1
508,0.835234768,1,5,Yes,4,0,No,No,1,1,11,1,3,6,2,1,1,1,0,0,1,1
239,1.369789717,1,5,Yes,7,1,No,No,1,0,11,6,3,1,2,1,1,1,0,0,1,1
441,1.001113561,1,3,DK,5,1,No,No,0,1,11,7,3,1,6,1,1,1,0,0,1,1
253,1.369789717,1,5,DK,4,1,No,No,1,0,11,6,3,1,2,1,1,1,0,0,1,1
537,0.896102008,1,1,No,5,0,Yes,Yes,1,1,11,1,3,2,7,1,1,1,0,0,1,1
671,0.100827998,1,1,DK,2,0,Missing,Missing,0,0,11,6,3,2,1,1,1,1,0,0,1,1
136,0.36587496,0,1,Yes,4,0,Yes,No,0,0,11,2,3,7,1,1,1,1,0,0,1,1
616,1.83011814,1,1,No,6,0,Yes,No,1,0,11,7,6,1,3,1,1,1,0,0,1,1
237,1.369789717,1,5,Yes,10,0,No,No,0,0,11,1,6,2,7,1,1,1,0,0,1,1
541,0.896102008,1,3,Yes,3,1,Yes,No,1,0,11,7,2,1,3,1,1,1,0,0,1,1
421,1.001113561,1,5,Yes,8,2,No,No,1,0,11,7,6,1,3,1,1,1,0,0,1,1
126,0.353037242,0,1,Yes,4,0,No,No,0,0,11,7,6,2,3,1,1,1,0,0,1,1
697,0.13520118,1,1,DK,4,0,Missing,No,0,0,11,2,3,6,1,1,1,1,0,0,1,1
426,1.001113561,1,4,Yes,17,2,No,No,1,0,11,1,3,7,6,1,1,1,0,0,1,1
599,1.83011814,1,1,No,7,2,Yes,No,0,1,11,6,3,1,2,1,1,1,0,0,1,1
573,0.747792442,1,3,Yes,8,0,Yes,No,0,0,11,1,3,7,2,1,1,1,0,0,1,1
285,0.357997514,1,4,Yes,7,1,No,No,0,0,11,6,7,1,3,1,1,1,0,0,1,1
157,0.24070721,0,4,Yes,5,0,No,No,0,1,11,7,3,1,2,1,1,1,0,0,1,1
200,0.398433995,0,3,Yes,6,2,No,No,1,1,11,1,3,7,6,1,1,1,0,0,1,1
362,1.529831556,1,3,No,9,0,No,No,1,1,11,6,2,3,1,1,1,1,0,0,1,1
104,2.177011912,0,5,Yes,5,0,No,No,0,0,11,7,3,2,6,1,1,1,0,0,1,1
378,2.012316893,1,4,Yes,4,0,No,No,1,0,11,6,1,7,3,1,1,1,0,0,1,1
150,0.36587496,0,3,DK,5,0,No,No,1,0,11,7,6,1,3,1,1,1,0,0,1,1
419,1.001113561,1,4,Yes,5,0,No,No,1,1,11,1,3,2,7,1,1,1,0,0,1,1
407,2.46342107,1,2,Yes,4,0,Missing,No,0,0,11,1,7,2,3,1,1,1,0,0,1,1
357,1.529831556,1,3,No,5,1,Yes,No,1,1,11,1,7,2,6,1,1,1,0,0,1,1
46,1.663571689,0,5,Yes,3,2,No,No,1,0,11,7,2,1,3,1,1,1,0,0,1,1
221,0.222538995,1,4,Yes,6,0,No,No,0,1,11,7,3,1,2,1,1,1,0,0,1,1
143,0.36587496,0,3,Yes,5,0,No,No,1,0,11,7,3,1,2,1,1,1,0,0,1,1
400,2.46342107,1,1,No,4,0,No,No,1,1,11,6,2,1,3,1,1,1,0,0,1,1
229,0.222538995,1,2,Yes,5,2,Yes,No,1,1,11,7,6,1,2,1,1,1,0,0,1,1
467,0.4999727,1,4,Yes,6,2,Missing,No,1,1,11,6,7,1,2,1,1,1,0,0,1,1
52,1.663571689,0,4,No,2,0,No,No,0,0,11,1,2,6,7,1,1,1,0,0,1,1
523,0.896102008,1,2,Yes,2,0,No,No,1,1,11,7,3,2,1,1,1,1,0,0,1,1
610,1.83011814,1,1,No,5,0,No,No,1,0,11,1,2,7,3,1,1,1,0,0,1,1
472,0.619125073,1,3,Yes,6,0,Yes,No,0,1,11,7,2,1,3,1,1,1,0,0,1,1
178,0.24070721,0,2,Yes,5,0,Yes,Yes,0,1,11,7,6,3,2,1,1,1,0,0,1,1
479,0.619125073,1,4,Yes,6,2,No,No,0,1,11,7,6,1,3,1,1,1,0,0,1,1
356,1.529831556,1,4,Yes,16,1,No,No,0,1,11,1,3,7,2,1,1,1,0,0,1,1
100,2.177011912,0,5,Yes,4,2,No,No,0,0,11,7,3,1,2,1,1,1,0,0,1,1
478,0.619125073,1,2,No,5,1,Yes,No,1,1,11,1,3,6,2,1,1,1,0,0,1,1
592,0.747792442,1,2,Yes,5,0,No,No,0,1,11,7,6,1,3,1,1,1,0,0,1,1
363,1.529831556,1,1,No,6,0,No,No,1,0,11,7,3,1,2,1,1,1,0,0,1,1
325,3.679441025,1,4,Yes,3,1,No,No,0,1,11,7,3,1,2,1,1,1,0,0,1,1
567,0.813360882,1,2,Yes,5,1,Yes,No,1,1,11,1,2,7,3,1,1,1,0,0,1,1
242,1.369789717,1,5,Yes,2,0,No,No,0,1,11,7,3,6,2,1,1,1,0,0,1,1
725,0.121451907,1,1,Yes,6,1,Yes,No,0,1,11,7,3,1,6,1,1,1,0,0,1,1
608,1.83011814,1,1,No,6,0,Yes,No,0,1,12,7,4,1,3,1,0,1,1,0,1,1
527,0.896102008,1,1,Yes,16,2,Yes,No,0,1,12,1,7,4,3,1,0,1,1,0,1,1
420,1.001113561,1,4,DK,6,1,No,Yes,0,1,12,1,3,7,4,1,0,1,1,0,1,1
379,2.012316893,1,2,DK,8,1,No,No,1,1,12,7,3,1,6,1,0,1,1,0,1,1
604,1.83011814,1,1,No,8,0,Yes,No,0,0,12,1,4,7,3,1,0,1,1,0,1,1
15,1.791626692,0,5,No,4,0,No,No,0,1,12,6,3,4,7,1,0,1,1,0,1,1
299,0.215627847,1,3,Yes,6,2,No,No,1,0,12,6,4,7,1,1,0,1,1,0,1,1
459,0.4999727,1,1,No,4,0,Yes,No,1,1,12,7,3,1,4,1,0,1,1,0,1,1
374,2.012316893,1,4,Yes,2,2,No,No,0,1,12,4,3,6,1,1,0,1,1,0,1,1
213,0.222538995,1,4,Yes,6,2,No,No,0,1,12,4,3,7,1,1,0,1,1,0,1,1
643,0.107129748,1,2,DK,5,0,Yes,No,1,0,12,7,3,1,6,1,0,1,1,0,1,1
493,0.619125073,1,2,No,5,0,Yes,No,1,1,12,1,7,4,3,1,0,1,1,0,1,1
146,0.36587496,0,3,Yes,5,0,No,No,1,0,12,7,6,1,3,1,0,1,1,0,1,1
712,0.121451907,1,1,No,12,2,Yes,No,0,1,12,7,3,1,4,1,0,1,1,0,1,1
648,0.107129748,1,1,Yes,6,2,No,No,1,1,12,7,3,1,6,1,0,1,1,0,1,1
468,0.4999727,1,1,No,4,0,Yes,No,1,1,12,6,3,1,4,1,0,1,1,0,1,1
416,2.46342107,1,5,Yes,5,1,No,No,0,0,12,6,3,4,7,1,0,1,1,0,1,1
699,0.13520118,1,3,Yes,6,1,No,No,0,1,12,7,4,6,1,1,0,1,1,0,1,1
726,0.121451907,1,1,Yes,5,0,Yes,No,0,0,12,7,6,1,3,1,0,1,1,0,1,1
215,0.222538995,1,5,Yes,5,0,No,No,1,0,12,4,3,7,6,1,0,1,1,0,1,1
371,2.012316893,1,1,No,3,0,Missing,No,0,1,12,6,7,1,4,1,0,1,1,0,1,1
196,0.398433995,0,3,No,4,1,No,No,1,0,12,4,6,1,3,1,0,1,1,0,1,1
91,2.177011912,0,5,Yes,6,2,No,Yes,0,0,12,7,6,1,3,1,0,1,1,0,1,1
575,0.747792442,1,2,Yes,6,0,Yes,No,0,1,12,4,3,7,6,1,0,1,1,0,1,1
88,2.177011912,0,5,Yes,5,0,No,No,0,1,12,7,3,6,4,1,0,1,1,0,1,1
102,2.177011912,0,5,Yes,6,1,No,No,1,1,12,1,3,7,6,1,0,1,1,0,1,1
67,1.451341275,0,5,No,6,2,No,No,0,0,12,7,3,4,6,1,0,1,1,0,1,1
14,1.791626692,0,4,No,3,2,No,No,0,0,12,1,3,4,7,1,0,1,1,0,1,1
54,1.451341275,0,5,Yes,4,0,No,No,1,0,12,6,3,1,4,1,0,1,1,0,1,1
302,0.215627847,1,4,DK,5,0,No,No,1,0,12,6,3,7,4,1,0,1,1,0,1,1
7,1.791626692,0,5,No,5,4,No,No,0,1,12,1,6,4,3,1,0,1,1,0,1,1
313,3.679441025,1,3,No,10,0,Missing,No,1,1,12,6,3,7,1,1,0,1,1,0,1,1
382,2.012316893,1,2,Yes,5,0,No,No,1,0,12,6,4,1,3,1,0,1,1,0,1,1
669,0.100827998,1,1,No,5,0,Missing,Missing,0,0,12,1,4,6,3,1,0,1,1,0,1,1
489,0.619125073,1,4,Yes,5,1,No,No,1,1,12,7,3,1,6,1,0,1,1,0,1,1
668,0.100827998,1,2,Yes,4,0,Missing,Missing,1,1,12,6,3,1,4,1,0,1,1,0,1,1
10,1.791626692,0,5,No,3,3,No,No,0,0,12,6,4,1,3,1,0,1,1,0,1,1
282,0.357997514,1,3,Yes,4,1,No,No,1,0,12,7,6,1,3,1,0,1,1,0,1,1
425,1.001113561,1,5,Yes,5,2,No,No,1,1,12,7,3,1,6,1,0,1,1,0,1,1
721,0.121451907,1,1,DK,14,2,Yes,No,1,0,12,7,6,1,3,1,0,1,1,0,1,1
255,1.369789717,1,5,Yes,5,2,No,No,1,0,12,6,4,7,3,1,0,1,1,0,1,1
152,0.36587496,0,3,Yes,4,0,No,No,0,0,12,7,6,4,3,1,0,1,1,0,1,1
594,0.747792442,1,1,DK,5,1,Yes,No,0,0,12,1,6,7,3,1,0,1,1,0,1,1
32,1.663571689,0,5,Yes,3,0,No,No,0,0,12,6,3,1,7,1,0,1,1,0,1,1
34,1.663571689,0,5,Yes,3,2,No,No,1,1,12,6,4,1,7,1,0,1,1,0,1,1
477,0.619125073,1,3,Yes,8,2,Yes,No,0,0,12,7,3,1,4,1,0,1,1,0,1,1
275,0.357997514,1,4,DK,4,1,No,No,1,0,12,6,3,1,7,1,0,1,1,0,1,1
624,1.83011814,1,1,No,5,0,Yes,No,1,1,12,7,3,1,6,1,0,1,1,0,1,1
273,0.357997514,1,5,Yes,5,1,No,No,0,1,12,7,4,6,1,1,0,1,1,0,1,1
29,1.663571689,0,5,Yes,5,2,No,No,0,1,12,6,3,4,7,1,0,1,1,0,1,1
576,0.747792442,1,2,Yes,5,0,Yes,No,0,1,13,4,3,5,6,0,0,1,1,1,1,1
574,0.747792442,1,3,Yes,5,0,Yes,No,0,0,13,4,5,6,3,0,0,1,1,1,1,1
454,0.4999727,1,3,Yes,5,1,No,Yes,0,0,13,6,3,5,4,0,0,1,1,1,1,1
442,1.001113561,1,4,Yes,5,0,No,No,0,0,13,7,3,6,4,0,0,1,1,1,1,1
133,0.36587496,0,2,Yes,6,0,Yes,No,0,0,13,7,3,4,6,0,0,1,1,1,1,1
642,0.107129748,1,2,Yes,6,2,Yes,No,1,0,13,7,3,5,6,0,0,1,1,1,1,1
320,3.679441025,1,4,Yes,4,1,No,No,1,0,13,5,6,4,3,0,0,1,1,1,1,1
131,0.36587496,0,2,Yes,5,1,No,No,1,0,13,4,3,7,5,0,0,1,1,1,1,1
293,0.215627847,1,4,No,5,0,No,No,1,1,13,7,4,6,3,0,0,1,1,1,1,1
398,2.46342107,1,1,No,2,0,Yes,No,1,1,13,5,4,3,6,0,0,1,1,1,1,1
43,1.663571689,0,4,DK,1,0,No,No,0,1,13,6,3,7,5,0,0,1,1,1,1,1
373,2.012316893,1,3,Yes,4,0,No,No,0,0,13,6,7,5,3,0,0,1,1,1,1,1
265,0.357997514,1,4,Yes,3,0,No,No,1,1,13,6,3,4,7,0,0,1,1,1,1,1
25,1.791626692,0,5,No,3,0,No,No,1,1,13,5,3,6,7,0,0,1,1,1,1,1
614,1.83011814,1,3,No,6,2,Yes,No,0,0,13,7,6,5,3,0,0,1,1,1,1,1
291,0.215627847,1,2,No,2,0,Missing,No,0,1,13,6,3,7,4,0,0,1,1,1,1,1
284,0.357997514,1,4,Yes,4,2,No,No,0,0,13,7,3,6,4,0,0,1,1,1,1,1
165,0.24070721,0,4,Yes,6,0,No,No,1,0,13,4,3,7,5,0,0,1,1,1,1,1
375,2.012316893,1,4,Yes,4,0,Missing,No,0,0,13,5,3,6,7,0,0,1,1,1,1,1
175,0.24070721,0,3,Yes,6,1,No,No,1,0,13,7,3,4,5,0,0,1,1,1,1,1
127,0.353037242,0,2,Yes,3,0,No,No,0,0,13,6,3,7,5,0,0,1,1,1,1,1
222,0.222538995,1,4,No,4,0,No,No,0,1,13,7,3,5,6,0,0,1,1,1,1,1
544,0.896102008,1,4,Yes,8,1,Yes,No,1,1,13,4,7,3,5,0,0,1,1,1,1,1
476,0.619125073,1,2,No,3,0,No,No,0,1,13,6,3,7,4,0,0,1,1,1,1,1
83,2.177011912,0,5,DK,6,1,No,Yes,0,1,13,6,4,5,3,0,0,1,1,1,1,1
722,0.121451907,1,1,No,5,0,Yes,No,1,0,13,7,3,5,6,0,0,1,1,1,1,1
169,0.24070721,0,2,Yes,6,0,No,No,1,0,13,7,3,4,5,0,0,1,1,1,1,1
281,0.357997514,1,2,No,5,0,No,No,1,0,13,6,3,7,5,0,0,1,1,1,1,1
461,0.4999727,1,3,DK,6,1,Missing,No,1,1,13,6,3,5,7,0,0,1,1,1,1,1
163,0.24070721,0,4,Yes,5,0,No,No,1,1,13,7,3,4,5,0,0,1,1,1,1,1
525,0.896102008,1,2,No,15,0,Yes,Yes,0,1,13,4,6,7,3,0,0,1,1,1,1,1
298,0.215627847,1,5,Yes,3,0,No,No,1,1,13,7,3,4,6,0,0,1,1,1,1,1
347,1.529831556,1,3,Yes,6,0,Yes,No,0,0,13,5,7,6,3,0,0,1,1,1,1,1
101,2.177011912,0,5,Yes,5,0,No,Yes,1,0,13,7,3,4,5,0,0,1,1,1,1,1
448,0.4999727,1,3,Yes,2,2,Yes,No,0,1,13,5,7,4,6,0,0,1,1,1,1,1
518,0.835234768,1,4,Yes,2,0,No,No,0,1,13,6,3,5,4,0,0,1,1,1,1,1
312,0.215627847,1,4,DK,4,0,No,Yes,1,1,13,7,4,6,3,0,0,1,1,1,1,1
418,1.001113561,1,5,Yes,4,1,No,No,0,0,13,5,3,7,6,0,0,1,1,1,1,1
694,0.13520118,1,3,Yes,4,0,Missing,No,1,0,13,5,3,6,4,0,0,1,1,1,1,1
176,0.24070721,0,3,Yes,4,0,No,No,0,1,13,7,3,6,5,0,0,1,1,1,1,1
625,0.107129748,1,3,Yes,5,0,No,No,1,1,13,6,4,5,3,0,0,1,1,1,1,1
584,0.747792442,1,2,Yes,5,1,Yes,No,1,0,13,4,3,7,5,0,0,1,1,1,1,1
188,0.398433995,0,3,Yes,5,0,No,No,1,0,13,7,3,4,5,0,0,1,1,1,1,1
141,0.36587496,0,3,Yes,6,0,Yes,No,1,1,13,4,3,5,7,0,0,1,1,1,1,1
632,0.107129748,1,1,No,3,0,No,No,0,1,13,5,4,6,3,0,0,1,1,1,1,1
645,0.107129748,1,1,Yes,5,0,Yes,No,1,1,13,7,6,5,3,0,0,1,1,1,1,1
124,0.353037242,0,4,Yes,6,0,No,No,0,1,13,7,6,3,5,0,0,1,1,1,1,1
331,3.679441025,1,2,No,5,0,No,No,0,0,13,7,3,6,4,0,0,1,1,1,1,1
26,1.791626692,0,5,No,6,2,No,No,0,0,14,1,3,7,5,1,1,1,0,1,0,1
682,0.13520118,1,3,Yes,4,0,No,No,1,0,14,1,5,2,3,1,1,1,0,1,0,1
342,1.529831556,1,1,No,5,1,Yes,No,1,0,14,7,2,1,3,1,1,1,0,1,0,1
522,0.896102008,1,2,Yes,6,1,Yes,No,0,0,14,1,2,7,5,1,1,1,0,1,0,1
173,0.24070721,0,2,Yes,6,0,No,No,0,0,14,7,3,1,5,1,1,1,0,1,0,1
65,1.451341275,0,5,No,4,0,No,No,0,1,14,7,3,1,5,1,1,1,0,1,0,1
92,2.177011912,0,5,Yes,8,1,No,No,0,1,14,7,5,1,3,1,1,1,0,1,0,1
657,0.100827998,1,1,Yes,4,0,No,No,1,1,14,7,3,1,5,1,1,1,0,1,0,1
166,0.24070721,0,4,Yes,4,0,No,No,0,0,14,7,5,1,3,1,1,1,0,1,0,1
122,0.353037242,0,3,Yes,5,0,Yes,No,0,1,14,7,5,2,3,1,1,1,0,1,0,1
386,2.012316893,1,3,Yes,4,0,No,No,0,1,14,5,3,7,1,1,1,1,0,1,0,1
205,0.398433995,0,3,Yes,5,0,No,No,1,0,14,7,3,1,5,1,1,1,0,1,0,1
380,2.012316893,1,4,Yes,4,0,No,No,1,1,14,5,3,7,1,1,1,1,0,1,0,1
290,0.215627847,1,5,Yes,3,0,No,No,1,0,14,7,3,1,2,1,1,1,0,1,0,1
55,1.451341275,0,5,DK,3,0,No,No,0,1,14,7,5,1,3,1,1,1,0,1,0,1
226,0.222538995,1,4,Yes,5,1,No,No,1,1,14,7,5,1,3,1,1,1,0,1,0,1
11,1.791626692,0,5,No,3,3,No,No,0,0,14,5,7,1,3,1,1,1,0,1,0,1
698,0.13520118,1,2,DK,4,0,Missing,No,1,1,14,5,3,2,7,1,1,1,0,1,0,1
651,0.100827998,1,2,No,4,0,No,Yes,1,1,14,5,2,1,7,1,1,1,0,1,0,1
85,2.177011912,0,5,Yes,4,0,No,No,0,1,14,7,3,2,5,1,1,1,0,1,0,1
404,2.46342107,1,1,Yes,2,0,No,No,1,0,14,1,3,5,2,1,1,1,0,1,0,1
705,0.121451907,1,3,DK,5,0,No,No,1,0,14,7,3,5,2,1,1,1,0,1,0,1
79,2.177011912,0,5,DK,5,1,No,No,1,0,14,5,3,1,7,1,1,1,0,1,0,1
641,0.107129748,1,1,Yes,5,0,Yes,No,1,0,14,1,3,7,2,1,1,1,0,1,0,1
168,0.24070721,0,4,Yes,4,2,Yes,No,0,0,14,7,2,1,5,1,1,1,0,1,0,1
218,0.222538995,1,3,Yes,7,2,Yes,No,1,0,14,1,7,3,2,1,1,1,0,1,0,1
430,1.001113561,1,5,Yes,4,0,No,No,0,0,14,5,3,7,2,1,1,1,0,1,0,1
348,1.529831556,1,3,Yes,4,1,No,No,0,0,14,7,3,5,1,1,1,1,0,1,0,1
558,0.813360882,1,2,Yes,4,0,No,No,1,0,14,2,3,1,7,1,1,1,0,1,0,1
107,0.353037242,0,3,Yes,4,0,No,No,0,0,14,7,3,1,5,1,1,1,0,1,0,1
18,1.791626692,0,5,No,10,2,No,No,0,1,14,1,7,5,3,1,1,1,0,1,0,1
381,2.012316893,1,3,No,4,0,Missing,No,0,1,14,5,7,1,3,1,1,1,0,1,0,1
231,0.222538995,1,2,Yes,4,0,Yes,No,1,1,14,1,5,7,3,1,1,1,0,1,0,1
570,0.813360882,1,1,No,6,0,Yes,No,0,0,14,7,5,2,3,1,1,1,0,1,0,1
108,0.353037242,0,4,Yes,4,1,No,No,0,1,14,7,5,2,3,1,1,1,0,1,0,1
197,0.398433995,0,3,No,8,1,No,No,1,1,14,7,3,1,2,1,1,1,0,1,0,1
695,0.13520118,1,2,DK,5,2,No,Yes,1,1,14,7,2,1,5,1,1,1,0,1,0,1
372,2.012316893,1,5,Yes,4,0,No,No,1,1,14,5,1,7,3,1,1,1,0,1,0,1
365,2.012316893,1,3,DK,5,0,Missing,No,1,0,14,5,7,1,3,1,1,1,0,1,0,1
539,0.896102008,1,1,DK,6,0,Yes,Yes,1,1,14,1,2,5,3,1,1,1,0,1,0,1
399,2.46342107,1,5,Yes,5,1,Missing,No,1,0,14,7,3,5,2,1,1,1,0,1,0,1
182,0.24070721,0,4,Yes,6,0,No,No,0,1,14,1,3,7,5,1,1,1,0,1,0,1
497,0.835234768,1,4,DK,8,2,No,No,0,0,14,1,7,5,3,1,1,1,0,1,0,1
557,0.813360882,1,1,Yes,7,2,No,No,1,1,14,1,2,5,3,1,1,1,0,1,0,1
595,0.747792442,1,2,Yes,4,0,Yes,No,0,1,14,7,5,1,2,1,1,1,0,1,0,1
453,0.4999727,1,2,DK,7,2,Missing,No,0,0,14,7,3,5,2,1,1,1,0,1,0,1
193,0.398433995,0,4,Yes,8,1,No,No,1,1,14,7,3,1,5,1,1,1,0,1,0,1
411,2.46342107,1,2,DK,5,0,Missing,No,0,1,14,2,3,5,7,1,1,1,0,1,0,1
413,2.46342107,1,4,DK,8,2,No,No,0,0,15,7,3,5,4,1,0,1,1,1,0,1
179,0.24070721,0,4,Yes,6,2,No,No,1,1,15,7,3,4,5,1,0,1,1,1,0,1
211,0.222538995,1,4,Yes,6,0,No,No,1,1,15,4,3,1,5,1,0,1,1,1,0,1
684,0.13520118,1,1,No,5,1,No,No,1,1,15,7,4,1,3,1,0,1,1,1,0,1
547,0.813360882,1,1,Yes,9,1,Yes,No,0,0,15,1,5,7,3,1,0,1,1,1,0,1
280,0.357997514,1,3,DK,5,1,No,No,0,0,15,7,3,1,4,1,0,1,1,1,0,1
207,0.398433995,0,3,Yes,7,0,No,No,1,0,15,1,5,7,3,1,0,1,1,1,0,1
528,0.896102008,1,2,Yes,5,2,Yes,No,0,1,15,5,7,1,4,1,0,1,1,1,0,1
568,0.813360882,1,3,Yes,5,0,Yes,No,1,0,15,7,4,1,5,1,0,1,1,1,0,1
529,0.896102008,1,2,No,5,0,Yes,Yes,0,1,15,1,7,4,3,1,0,1,1,1,0,1
376,2.012316893,1,3,Yes,4,0,No,No,1,1,15,5,3,7,4,1,0,1,1,1,0,1
184,0.398433995,0,2,No,7,1,Yes,No,1,1,15,1,5,4,7,1,0,1,1,1,0,1
103,2.177011912,0,4,DK,2,0,No,No,0,1,15,1,5,7,3,1,0,1,1,1,0,1
251,1.369789717,1,1,Yes,3,0,Yes,No,0,1,15,1,3,5,4,1,0,1,1,1,0,1
691,0.13520118,1,3,DK,3,0,No,No,1,0,15,1,3,4,5,1,0,1,1,1,0,1
562,0.813360882,1,2,Yes,4,0,Yes,No,0,0,15,7,5,1,4,1,0,1,1,1,0,1
334,3.679441025,1,1,No,5,0,No,No,0,0,15,1,4,5,3,1,0,1,1,1,0,1
295,0.215627847,1,4,DK,4,0,No,No,0,0,15,7,5,1,4,1,0,1,1,1,0,1
158,0.24070721,0,3,Yes,5,0,No,No,1,1,15,7,3,1,5,1,0,1,1,1,0,1
445,0.4999727,1,3,DK,4,0,Missing,No,0,1,15,7,3,1,4,1,0,1,1,1,0,1
460,0.4999727,1,1,No,4,0,Yes,No,1,1,15,1,3,5,4,1,0,1,1,1,0,1
702,0.13520118,1,2,DK,5,0,Missing,Missing,1,1,15,7,3,5,4,1,0,1,1,1,0,1
582,0.747792442,1,1,Yes,12,2,Yes,No,1,1,15,4,3,1,5,1,0,1,1,1,0,1
140,0.36587496,0,4,Yes,6,0,No,No,1,0,15,7,3,1,5,1,0,1,1,1,0,1
262,0.357997514,1,3,Yes,7,0,No,No,1,0,15,1,3,5,4,1,0,1,1,1,0,1
343,1.529831556,1,1,No,5,0,Yes,No,0,1,15,5,3,1,4,1,0,1,1,1,0,1
304,0.215627847,1,3,No,4,0,No,No,0,1,15,1,3,7,4,1,0,1,1,1,0,1
332,3.679441025,1,3,Yes,7,2,No,No,0,0,15,7,3,5,4,1,0,1,1,1,0,1
495,0.835234768,1,4,Yes,5,1,No,No,1,0,15,1,3,5,7,1,0,1,1,1,0,1
267,0.357997514,1,5,Yes,6,1,No,No,1,1,15,7,4,5,3,1,0,1,1,1,0,1
389,2.012316893,1,2,Yes,3,0,Missing,No,1,0,15,7,3,4,5,1,0,1,1,1,0,1
538,0.896102008,1,3,Yes,13,0,Yes,No,0,0,15,1,4,3,7,1,0,1,1,1,0,1
499,0.835234768,1,4,Yes,5,1,No,No,1,0,15,1,7,4,3,1,0,1,1,1,0,1
553,0.813360882,1,3,Yes,6,0,Yes,No,0,1,15,1,3,5,7,1,0,1,1,1,0,1
191,0.398433995,0,3,Yes,5,0,No,No,1,1,15,4,3,1,5,1,0,1,1,1,0,1
394,2.46342107,1,1,Yes,1,0,No,No,1,0,15,4,3,1,7,1,0,1,1,1,0,1
73,1.451341275,0,2,No,8,2,Yes,No,0,0,15,7,3,4,5,1,0,1,1,1,0,1
315,3.679441025,1,3,Yes,5,1,No,No,0,1,15,7,4,1,3,1,0,1,1,1,0,1
397,2.46342107,1,1,No,4,0,Yes,No,0,0,15,7,4,1,3,1,0,1,1,1,0,1
519,0.835234768,1,4,Yes,9,2,No,No,1,0,15,7,3,1,4,1,0,1,1,1,0,1
587,0.747792442,1,2,Yes,5,1,No,No,0,1,15,7,5,1,3,1,0,1,1,1,0,1
561,0.813360882,1,3,Yes,5,0,Yes,No,0,0,15,7,5,1,3,1,0,1,1,1,0,1
481,0.619125073,1,3,Yes,8,2,Yes,No,1,0,15,1,3,7,5,1,0,1,1,1,0,1
240,1.369789717,1,5,Yes,3,0,No,No,0,1,15,1,3,7,5,1,0,1,1,1,0,1
551,0.813360882,1,2,Yes,4,0,Yes,No,0,1,15,4,5,1,3,1,0,1,1,1,0,1
431,1.001113561,1,4,Yes,5,1,No,No,1,0,15,1,3,5,7,1,0,1,1,1,0,1
485,0.619125073,1,3,DK,7,0,No,No,1,1,15,7,3,1,5,1,0,1,1,1,0,1
204,0.398433995,0,4,Yes,5,0,No,No,0,0,15,7,3,1,5,1,0,1,1,1,0,1
